<?xml version="1.0"?>
<measure>
  <schema_version>3.0</schema_version>
  <name>zedgk_12_roof_construction</name>
  <uid>d322d264-5855-4b20-bd3e-3c5e5032bc05</uid>
  <version_id>3efcaa84-7411-450a-b527-09bf8944c875</version_id>
  <version_modified>20200401T014105Z</version_modified>
  <xml_checksum>5091078B</xml_checksum>
  <class_name>ZEDGK12RoofConstruction</class_name>
  <display_name>ZEDG K12 RoofConstruction</display_name>
  <description>ZEDG version, only setup for IEAD roof. This measure will modify existing roof insulation levels and Solar Reflective Index (SRI) values based on roof type and climate zone. The roof type and climate zone should be set in the model prior to using this measure. If your model uses an attic, all attic surfaces should have an "Attic' intended surface type. For attics it doesn't matter what you put for "Standards Construction Type". The measure will check attic insulation where the attic is adjacent to other not attic spaces.</description>
  <modeler_description>Relevant construction types are identified below. 




- Insulation entirely above deck (IEAD)




- Attic




- Metal building</modeler_description>
  <arguments>
    <argument>
      <name>material_cost_insulation_increase_ip</name>
      <display_name>Increase Cost per Area of Construction Where Insulation was Improved ($/ft^2).</display_name>
      <type>Double</type>
      <required>true</required>
      <model_dependent>false</model_dependent>
      <default_value>0</default_value>
    </argument>
    <argument>
      <name>material_cost_sri_increase_ip</name>
      <display_name>Increase Cost per Area of Construction Where Solar Reflectance Index (SRI) was Improved. ($/ft^2).</display_name>
      <type>Double</type>
      <required>true</required>
      <model_dependent>false</model_dependent>
      <default_value>0</default_value>
    </argument>
    <argument>
      <name>alter_sri</name>
      <display_name>Alter SRI?</display_name>
      <type>Boolean</type>
      <required>true</required>
      <model_dependent>false</model_dependent>
      <default_value>true</default_value>
      <choices>
        <choice>
          <value>true</value>
          <display_name>true</display_name>
        </choice>
        <choice>
          <value>false</value>
          <display_name>false</display_name>
        </choice>
      </choices>
    </argument>
  </arguments>
  <outputs />
  <provenances />
  <tags>
    <tag>Envelope.Opaque</tag>
  </tags>
  <attributes>
    <attribute>
      <name>Uses SketchUp API</name>
      <value>false</value>
      <datatype>boolean</datatype>
    </attribute>
    <attribute>
      <name>Measure Type</name>
      <value>ModelMeasure</value>
      <datatype>string</datatype>
    </attribute>
  </attributes>
  <files>
    <file>
      <filename>0129_SimpleSchool_a_123_dev.osm</filename>
      <filetype>osm</filetype>
      <usage_type>test</usage_type>
      <checksum>CCF6332C</checksum>
    </file>
    <file>
      <filename>0206_SimpleSchool_b_123_dev.osm</filename>
      <filetype>osm</filetype>
      <usage_type>test</usage_type>
      <checksum>43EAE4A4</checksum>
    </file>
    <file>
      <filename>README.md.erb</filename>
      <filetype>erb</filetype>
      <usage_type>readmeerb</usage_type>
      <checksum>703C9964</checksum>
    </file>
    <file>
      <filename>README.md</filename>
      <filetype>md</filetype>
      <usage_type>readme</usage_type>
      <checksum>0EBE7325</checksum>
    </file>
    <file>
      <filename>LICENSE.md</filename>
      <filetype>md</filetype>
      <usage_type>license</usage_type>
      <checksum>E0468DD6</checksum>
    </file>
    <file>
      <filename>OsLib_AedgMeasures.rb</filename>
      <filetype>rb</filetype>
      <usage_type>resource</usage_type>
      <checksum>75F40BC3</checksum>
    </file>
    <file>
      <filename>measure_Test.rb</filename>
      <filetype>rb</filetype>
      <usage_type>test</usage_type>
      <checksum>72B9C0FD</checksum>
    </file>
    <file>
      <version>
        <software_program>OpenStudio</software_program>
        <identifier>2.0.0</identifier>
        <min_compatible>2.8.0</min_compatible>
      </version>
      <filename>measure.rb</filename>
      <filetype>rb</filetype>
      <usage_type>script</usage_type>
      <checksum>1F96768E</checksum>
    </file>
  </files>
</measure>
