<measure>
  <schema_version>3.0</schema_version>
  <name>openstudio_results</name>
  <uid>a25386cd-60e4-46bc-8b11-c755f379d916</uid>
  <version_id>11202fa8-8161-4fad-b5d1-453db21abdf8</version_id>
  <version_modified>20181101T164805Z</version_modified>
  <xml_checksum>557BF06F</xml_checksum>
  <class_name>OpenStudioResults</class_name>
  <display_name>OpenStudio Results</display_name>
  <description>This measure creates high level tables and charts pulling both from model inputs and EnergyPlus results. It has building level information as well as detail on space types, thermal zones, HVAC systems, envelope characteristics, and economics. Click the heading above a chart to view a table of the chart data.</description>
  <modeler_description>For the most part consumption data comes from the tabular EnergyPlus results, however there are a few requests added for time series results. Space type and loop details come from the OpenStudio model. The code for this is modular, making it easy to use as a template for your own custom reports. The structure of the report uses bootstrap, and the graphs use dimple js.</modeler_description>
  <arguments>
    <argument>
      <name>building_summary_section</name>
      <display_name>Model Summary</display_name>
      <type>Boolean</type>
      <required>true</required>
      <model_dependent>false</model_dependent>
      <default_value>true</default_value>
      <choices>
        <choice>
          <value>true</value>
          <display_name>true</display_name>
        </choice>
        <choice>
          <value>false</value>
          <display_name>false</display_name>
        </choice>
      </choices>
    </argument>
    <argument>
      <name>annual_overview_section</name>
      <display_name>Annual Overview</display_name>
      <type>Boolean</type>
      <required>true</required>
      <model_dependent>false</model_dependent>
      <default_value>true</default_value>
      <choices>
        <choice>
          <value>true</value>
          <display_name>true</display_name>
        </choice>
        <choice>
          <value>false</value>
          <display_name>false</display_name>
        </choice>
      </choices>
    </argument>
    <argument>
      <name>monthly_overview_section</name>
      <display_name>Monthly Overview</display_name>
      <type>Boolean</type>
      <required>true</required>
      <model_dependent>false</model_dependent>
      <default_value>true</default_value>
      <choices>
        <choice>
          <value>true</value>
          <display_name>true</display_name>
        </choice>
        <choice>
          <value>false</value>
          <display_name>false</display_name>
        </choice>
      </choices>
    </argument>
    <argument>
      <name>utility_bills_rates_section</name>
      <display_name>Utility Bills/Rates</display_name>
      <type>Boolean</type>
      <required>true</required>
      <model_dependent>false</model_dependent>
      <default_value>true</default_value>
      <choices>
        <choice>
          <value>true</value>
          <display_name>true</display_name>
        </choice>
        <choice>
          <value>false</value>
          <display_name>false</display_name>
        </choice>
      </choices>
    </argument>
    <argument>
      <name>envelope_section_section</name>
      <display_name>Envelope Summary</display_name>
      <type>Boolean</type>
      <required>true</required>
      <model_dependent>false</model_dependent>
      <default_value>true</default_value>
      <choices>
        <choice>
          <value>true</value>
          <display_name>true</display_name>
        </choice>
        <choice>
          <value>false</value>
          <display_name>false</display_name>
        </choice>
      </choices>
    </argument>
    <argument>
      <name>space_type_breakdown_section</name>
      <display_name>Space Type Breakdown</display_name>
      <type>Boolean</type>
      <required>true</required>
      <model_dependent>false</model_dependent>
      <default_value>true</default_value>
      <choices>
        <choice>
          <value>true</value>
          <display_name>true</display_name>
        </choice>
        <choice>
          <value>false</value>
          <display_name>false</display_name>
        </choice>
      </choices>
    </argument>
    <argument>
      <name>space_type_details_section</name>
      <display_name>Space Type Summary</display_name>
      <type>Boolean</type>
      <required>true</required>
      <model_dependent>false</model_dependent>
      <default_value>true</default_value>
      <choices>
        <choice>
          <value>true</value>
          <display_name>true</display_name>
        </choice>
        <choice>
          <value>false</value>
          <display_name>false</display_name>
        </choice>
      </choices>
    </argument>
    <argument>
      <name>interior_lighting_section</name>
      <display_name>Interior Lighting Summary</display_name>
      <type>Boolean</type>
      <required>true</required>
      <model_dependent>false</model_dependent>
      <default_value>true</default_value>
      <choices>
        <choice>
          <value>true</value>
          <display_name>true</display_name>
        </choice>
        <choice>
          <value>false</value>
          <display_name>false</display_name>
        </choice>
      </choices>
    </argument>
    <argument>
      <name>plug_loads_section</name>
      <display_name>Plug Loads Summary</display_name>
      <type>Boolean</type>
      <required>true</required>
      <model_dependent>false</model_dependent>
      <default_value>true</default_value>
      <choices>
        <choice>
          <value>true</value>
          <display_name>true</display_name>
        </choice>
        <choice>
          <value>false</value>
          <display_name>false</display_name>
        </choice>
      </choices>
    </argument>
    <argument>
      <name>exterior_light_section</name>
      <display_name>Exterior Lighting</display_name>
      <type>Boolean</type>
      <required>true</required>
      <model_dependent>false</model_dependent>
      <default_value>true</default_value>
      <choices>
        <choice>
          <value>true</value>
          <display_name>true</display_name>
        </choice>
        <choice>
          <value>false</value>
          <display_name>false</display_name>
        </choice>
      </choices>
    </argument>
    <argument>
      <name>water_use_section</name>
      <display_name>Water Use Equipment</display_name>
      <type>Boolean</type>
      <required>true</required>
      <model_dependent>false</model_dependent>
      <default_value>true</default_value>
      <choices>
        <choice>
          <value>true</value>
          <display_name>true</display_name>
        </choice>
        <choice>
          <value>false</value>
          <display_name>false</display_name>
        </choice>
      </choices>
    </argument>
    <argument>
      <name>hvac_load_profile</name>
      <display_name>HVAC Load Profiles</display_name>
      <type>Boolean</type>
      <required>true</required>
      <model_dependent>false</model_dependent>
      <default_value>true</default_value>
      <choices>
        <choice>
          <value>true</value>
          <display_name>true</display_name>
        </choice>
        <choice>
          <value>false</value>
          <display_name>false</display_name>
        </choice>
      </choices>
    </argument>
    <argument>
      <name>zone_condition_section</name>
      <display_name>Zone Conditions</display_name>
      <type>Boolean</type>
      <required>true</required>
      <model_dependent>false</model_dependent>
      <default_value>true</default_value>
      <choices>
        <choice>
          <value>true</value>
          <display_name>true</display_name>
        </choice>
        <choice>
          <value>false</value>
          <display_name>false</display_name>
        </choice>
      </choices>
    </argument>
    <argument>
      <name>zone_summary_section</name>
      <display_name>Zone Overview</display_name>
      <type>Boolean</type>
      <required>true</required>
      <model_dependent>false</model_dependent>
      <default_value>true</default_value>
      <choices>
        <choice>
          <value>true</value>
          <display_name>true</display_name>
        </choice>
        <choice>
          <value>false</value>
          <display_name>false</display_name>
        </choice>
      </choices>
    </argument>
    <argument>
      <name>zone_equipment_detail_section</name>
      <display_name>Zone Equipment Detail</display_name>
      <type>Boolean</type>
      <required>true</required>
      <model_dependent>false</model_dependent>
      <default_value>true</default_value>
      <choices>
        <choice>
          <value>true</value>
          <display_name>true</display_name>
        </choice>
        <choice>
          <value>false</value>
          <display_name>false</display_name>
        </choice>
      </choices>
    </argument>
    <argument>
      <name>air_loops_detail_section</name>
      <display_name>Air Loops Detail</display_name>
      <type>Boolean</type>
      <required>true</required>
      <model_dependent>false</model_dependent>
      <default_value>true</default_value>
      <choices>
        <choice>
          <value>true</value>
          <display_name>true</display_name>
        </choice>
        <choice>
          <value>false</value>
          <display_name>false</display_name>
        </choice>
      </choices>
    </argument>
    <argument>
      <name>plant_loops_detail_section</name>
      <display_name>Plant Loops Detail</display_name>
      <type>Boolean</type>
      <required>true</required>
      <model_dependent>false</model_dependent>
      <default_value>true</default_value>
      <choices>
        <choice>
          <value>true</value>
          <display_name>true</display_name>
        </choice>
        <choice>
          <value>false</value>
          <display_name>false</display_name>
        </choice>
      </choices>
    </argument>
    <argument>
      <name>outdoor_air_section</name>
      <display_name>Outdoor Air</display_name>
      <type>Boolean</type>
      <required>true</required>
      <model_dependent>false</model_dependent>
      <default_value>true</default_value>
      <choices>
        <choice>
          <value>true</value>
          <display_name>true</display_name>
        </choice>
        <choice>
          <value>false</value>
          <display_name>false</display_name>
        </choice>
      </choices>
    </argument>
    <argument>
      <name>cost_summary_section</name>
      <display_name>Cash Flow</display_name>
      <type>Boolean</type>
      <required>true</required>
      <model_dependent>false</model_dependent>
      <default_value>true</default_value>
      <choices>
        <choice>
          <value>true</value>
          <display_name>true</display_name>
        </choice>
        <choice>
          <value>false</value>
          <display_name>false</display_name>
        </choice>
      </choices>
    </argument>
    <argument>
      <name>source_energy_section</name>
      <display_name>Site and Source Summary</display_name>
      <type>Boolean</type>
      <required>true</required>
      <model_dependent>false</model_dependent>
      <default_value>true</default_value>
      <choices>
        <choice>
          <value>true</value>
          <display_name>true</display_name>
        </choice>
        <choice>
          <value>false</value>
          <display_name>false</display_name>
        </choice>
      </choices>
    </argument>
    <argument>
      <name>schedules_overview_section</name>
      <display_name>Schedule Overview</display_name>
      <type>Boolean</type>
      <required>true</required>
      <model_dependent>false</model_dependent>
      <default_value>true</default_value>
      <choices>
        <choice>
          <value>true</value>
          <display_name>true</display_name>
        </choice>
        <choice>
          <value>false</value>
          <display_name>false</display_name>
        </choice>
      </choices>
    </argument>
  </arguments>
  <outputs>
    <output>
      <name>electricity_ip</name>
      <display_name>electricity_ip</display_name>
      <short_name>electricity_ip</short_name>
      <type>Double</type>
      <model_dependent>false</model_dependent>
    </output>
    <output>
      <name>natural_gas_ip</name>
      <display_name>natural_gas_ip</display_name>
      <short_name>natural_gas_ip</short_name>
      <type>Double</type>
      <model_dependent>false</model_dependent>
    </output>
    <output>
      <name>additional_fuel_ip</name>
      <display_name>additional_fuel_ip</display_name>
      <short_name>additional_fuel_ip</short_name>
      <type>Double</type>
      <model_dependent>false</model_dependent>
    </output>
    <output>
      <name>district_heating_ip</name>
      <display_name>district_heating_ip</display_name>
      <short_name>district_heating_ip</short_name>
      <type>Double</type>
      <model_dependent>false</model_dependent>
    </output>
    <output>
      <name>district_cooling_ip</name>
      <display_name>district_cooling_ip</display_name>
      <short_name>district_cooling_ip</short_name>
      <type>Double</type>
      <model_dependent>false</model_dependent>
    </output>
    <output>
      <name>total_site_eui</name>
      <display_name>total_site_eui</display_name>
      <short_name>total_site_eui</short_name>
      <type>Double</type>
      <model_dependent>false</model_dependent>
    </output>
    <output>
      <name>eui</name>
      <display_name>eui</display_name>
      <short_name>eui</short_name>
      <type>Double</type>
      <model_dependent>false</model_dependent>
    </output>
    <output>
      <name>net_site_energy</name>
      <display_name>net_site_energy</display_name>
      <short_name>net_site_energy</short_name>
      <type>Double</type>
      <model_dependent>false</model_dependent>
    </output>
    <output>
      <name>annual_peak_electric_demand</name>
      <display_name>annual_peak_electric_demand</display_name>
      <short_name>annual_peak_electric_demand</short_name>
      <type>Double</type>
      <model_dependent>false</model_dependent>
    </output>
    <output>
      <name>unmet_hours_during_occupied_cooling</name>
      <display_name>unmet_hours_during_occupied_cooling</display_name>
      <short_name>unmet_hours_during_occupied_cooling</short_name>
      <type>Double</type>
      <model_dependent>false</model_dependent>
    </output>
    <output>
      <name>unmet_hours_during_occupied_heating</name>
      <display_name>unmet_hours_during_occupied_heating</display_name>
      <short_name>unmet_hours_during_occupied_heating</short_name>
      <type>Double</type>
      <model_dependent>false</model_dependent>
    </output>
    <output>
      <name>first_year_capital_cost</name>
      <display_name>first_year_capital_cost</display_name>
      <short_name>first_year_capital_cost</short_name>
      <type>Double</type>
      <model_dependent>false</model_dependent>
    </output>
    <output>
      <name>annual_utility_cost</name>
      <display_name>annual_utility_cost</display_name>
      <short_name>annual_utility_cost</short_name>
      <type>Double</type>
      <model_dependent>false</model_dependent>
    </output>
    <output>
      <name>total_lifecycle_cost</name>
      <display_name>total_lifecycle_cost</display_name>
      <short_name>total_lifecycle_cost</short_name>
      <type>Double</type>
      <model_dependent>false</model_dependent>
    </output>
  </outputs>
  <provenances/>
  <tags>
    <tag>Reporting.QAQC</tag>
  </tags>
  <attributes>
    <attribute>
      <name>Uses SketchUp API</name>
      <value>false</value>
      <datatype>boolean</datatype>
    </attribute>
    <attribute>
      <name>Measure Type</name>
      <value>ReportingMeasure</value>
      <datatype>string</datatype>
    </attribute>
    <attribute>
      <name>Intended Software Tool</name>
      <value>OpenStudio Application</value>
      <datatype>string</datatype>
    </attribute>
    <attribute>
      <name>Intended Software Tool</name>
      <value>Parametric Analysis Tool</value>
      <datatype>string</datatype>
    </attribute>
    <attribute>
      <name>Intended Software Tool</name>
      <value>Analysis Spreadsheet</value>
      <datatype>string</datatype>
    </attribute>
    <attribute>
      <name>Intended Use Case</name>
      <value>Automatic Report Generation</value>
      <datatype>string</datatype>
    </attribute>
  </attributes>
  <files>
    <file>
      <filename>USA_CO_Golden-NREL.724666_TMY3.epw</filename>
      <filetype>epw</filetype>
      <usage_type>test</usage_type>
      <checksum>BDF687C1</checksum>
    </file>
    <file>
      <filename>EmptyModel.osm</filename>
      <filetype>osm</filetype>
      <usage_type>test</usage_type>
      <checksum>A597C804</checksum>
    </file>
    <file>
      <filename>NoRunPeriod.osm</filename>
      <filetype>osm</filetype>
      <usage_type>test</usage_type>
      <checksum>32622D37</checksum>
    </file>
    <file>
      <filename>EdgeCaseModel.osm</filename>
      <filetype>osm</filetype>
      <usage_type>test</usage_type>
      <checksum>5B277247</checksum>
    </file>
    <file>
      <filename>1004_SmallHotel_a.osm</filename>
      <filetype>osm</filetype>
      <usage_type>test</usage_type>
      <checksum>C62949E8</checksum>
    </file>
    <file>
      <filename>PeriodInConstName.osm</filename>
      <filetype>osm</filetype>
      <usage_type>test</usage_type>
      <checksum>D67C186D</checksum>
    </file>
    <file>
      <filename>ExampleModel.osm</filename>
      <filetype>osm</filetype>
      <usage_type>test</usage_type>
      <checksum>6EBB9908</checksum>
    </file>
    <file>
      <filename>HeatingOnly.osm</filename>
      <filetype>osm</filetype>
      <usage_type>test</usage_type>
      <checksum>99A21A4F</checksum>
    </file>
    <file>
      <filename>add_tariff.osw</filename>
      <filetype>osw</filetype>
      <usage_type>test</usage_type>
      <checksum>5889662F</checksum>
    </file>
    <file>
      <filename>Siz.AirConditionerVariableRefrigerantFlow.rb</filename>
      <filetype>rb</filetype>
      <usage_type>resource</usage_type>
      <checksum>3783CBCD</checksum>
    </file>
    <file>
      <filename>Siz.AirLoopHVACUnitaryHeatCoolVAVChangeoverBypass.rb</filename>
      <filetype>rb</filetype>
      <usage_type>resource</usage_type>
      <checksum>EF0F1C89</checksum>
    </file>
    <file>
      <filename>Siz.AirLoopHVACUnitaryHeatPumpAirToAir.rb</filename>
      <filetype>rb</filetype>
      <usage_type>resource</usage_type>
      <checksum>079A854A</checksum>
    </file>
    <file>
      <filename>Siz.AirLoopHVACUnitaryHeatPumpAirToAirMultiSpeed.rb</filename>
      <filetype>rb</filetype>
      <usage_type>resource</usage_type>
      <checksum>5933F012</checksum>
    </file>
    <file>
      <filename>Siz.AirLoopHVACUnitarySystem.rb</filename>
      <filetype>rb</filetype>
      <usage_type>resource</usage_type>
      <checksum>125F62C6</checksum>
    </file>
    <file>
      <filename>Siz.AirTerminalSingleDuctConstantVolumeFourPipeInduction.rb</filename>
      <filetype>rb</filetype>
      <usage_type>resource</usage_type>
      <checksum>D77F5678</checksum>
    </file>
    <file>
      <filename>Siz.AirTerminalSingleDuctConstantVolumeReheat.rb</filename>
      <filetype>rb</filetype>
      <usage_type>resource</usage_type>
      <checksum>BB6DB459</checksum>
    </file>
    <file>
      <filename>Siz.AirTerminalSingleDuctParallelPIUReheat.rb</filename>
      <filetype>rb</filetype>
      <usage_type>resource</usage_type>
      <checksum>58237FA6</checksum>
    </file>
    <file>
      <filename>Siz.AirTerminalSingleDuctSeriesPIUReheat.rb</filename>
      <filetype>rb</filetype>
      <usage_type>resource</usage_type>
      <checksum>3A2E850B</checksum>
    </file>
    <file>
      <filename>Siz.AirTerminalSingleDuctVAVHeatAndCoolReheat.rb</filename>
      <filetype>rb</filetype>
      <usage_type>resource</usage_type>
      <checksum>6428996F</checksum>
    </file>
    <file>
      <filename>Siz.AirTerminalSingleDuctVAVReheat.rb</filename>
      <filetype>rb</filetype>
      <usage_type>resource</usage_type>
      <checksum>9293B7DB</checksum>
    </file>
    <file>
      <filename>Siz.BoilerHotWater.rb</filename>
      <filetype>rb</filetype>
      <usage_type>resource</usage_type>
      <checksum>94D27076</checksum>
    </file>
    <file>
      <filename>Siz.BoilerSteam.rb</filename>
      <filetype>rb</filetype>
      <usage_type>resource</usage_type>
      <checksum>9397012E</checksum>
    </file>
    <file>
      <filename>Siz.ChillerElectricEIR.rb</filename>
      <filetype>rb</filetype>
      <usage_type>resource</usage_type>
      <checksum>A39D9315</checksum>
    </file>
    <file>
      <filename>Siz.ChillerHeaterPerformanceElectricEIR.rb</filename>
      <filetype>rb</filetype>
      <usage_type>resource</usage_type>
      <checksum>396F6A13</checksum>
    </file>
    <file>
      <filename>Siz.CoilCoolingDXMultiSpeedStageData.rb</filename>
      <filetype>rb</filetype>
      <usage_type>resource</usage_type>
      <checksum>360A7CAB</checksum>
    </file>
    <file>
      <filename>Siz.CoilCoolingDXSingleSpeed.rb</filename>
      <filetype>rb</filetype>
      <usage_type>resource</usage_type>
      <checksum>D643610F</checksum>
    </file>
    <file>
      <filename>Siz.CoilCoolingDXTwoSpeed.rb</filename>
      <filetype>rb</filetype>
      <usage_type>resource</usage_type>
      <checksum>6A640B46</checksum>
    </file>
    <file>
      <filename>Siz.CoilCoolingDXVariableSpeedSpeedData.rb</filename>
      <filetype>rb</filetype>
      <usage_type>resource</usage_type>
      <checksum>7DCA4BAE</checksum>
    </file>
    <file>
      <filename>Siz.CoilCoolingWaterToAirHeatPumpVariableSpeedEquationFitSpeedData.rb</filename>
      <filetype>rb</filetype>
      <usage_type>resource</usage_type>
      <checksum>37F47D12</checksum>
    </file>
    <file>
      <filename>Siz.CoilHeatingDesuperheater.rb</filename>
      <filetype>rb</filetype>
      <usage_type>resource</usage_type>
      <checksum>7F4F67E0</checksum>
    </file>
    <file>
      <filename>Siz.CoilHeatingDXMultiSpeedStageData.rb</filename>
      <filetype>rb</filetype>
      <usage_type>resource</usage_type>
      <checksum>98B0096B</checksum>
    </file>
    <file>
      <filename>Siz.CoilHeatingDXSingleSpeed.rb</filename>
      <filetype>rb</filetype>
      <usage_type>resource</usage_type>
      <checksum>7457AB7A</checksum>
    </file>
    <file>
      <filename>Siz.CoilHeatingDXVariableSpeedSpeedData.rb</filename>
      <filetype>rb</filetype>
      <usage_type>resource</usage_type>
      <checksum>209EDB34</checksum>
    </file>
    <file>
      <filename>Siz.CoilHeatingElectric.rb</filename>
      <filetype>rb</filetype>
      <usage_type>resource</usage_type>
      <checksum>54950D17</checksum>
    </file>
    <file>
      <filename>Siz.CoilHeatingGas.rb</filename>
      <filetype>rb</filetype>
      <usage_type>resource</usage_type>
      <checksum>F4EFB7F7</checksum>
    </file>
    <file>
      <filename>Siz.CoilHeatingGasMultiStageStageData.rb</filename>
      <filetype>rb</filetype>
      <usage_type>resource</usage_type>
      <checksum>C19D20CC</checksum>
    </file>
    <file>
      <filename>Siz.CoilHeatingLowTempRadiantVarFlow.rb</filename>
      <filetype>rb</filetype>
      <usage_type>resource</usage_type>
      <checksum>4752B36E</checksum>
    </file>
    <file>
      <filename>Siz.CoilHeatingWaterToAirHeatPumpVariableSpeedEquationFitSpeedData.rb</filename>
      <filetype>rb</filetype>
      <usage_type>resource</usage_type>
      <checksum>D4423B69</checksum>
    </file>
    <file>
      <filename>Siz.CoilPerformanceDXCooling.rb</filename>
      <filetype>rb</filetype>
      <usage_type>resource</usage_type>
      <checksum>599EFC26</checksum>
    </file>
    <file>
      <filename>Siz.CoilSystemCoolingDXHeatExchangerAssisted.rb</filename>
      <filetype>rb</filetype>
      <usage_type>resource</usage_type>
      <checksum>2A7F9D70</checksum>
    </file>
    <file>
      <filename>Siz.CoilSystemCoolingWaterHeatExchangerAssisted.rb</filename>
      <filetype>rb</filetype>
      <usage_type>resource</usage_type>
      <checksum>3CF921F8</checksum>
    </file>
    <file>
      <filename>Siz.CoilWaterHeatingAirToWaterHeatPump.rb</filename>
      <filetype>rb</filetype>
      <usage_type>resource</usage_type>
      <checksum>444FE99F</checksum>
    </file>
    <file>
      <filename>Siz.CoilWaterHeatingAirToWaterHeatPumpWrapped.rb</filename>
      <filetype>rb</filetype>
      <usage_type>resource</usage_type>
      <checksum>E8C8534B</checksum>
    </file>
    <file>
      <filename>Siz.CoilWaterHeatingDesuperheater.rb</filename>
      <filetype>rb</filetype>
      <usage_type>resource</usage_type>
      <checksum>FA9A262C</checksum>
    </file>
    <file>
      <filename>Siz.ElectricLoadCenterInverterLookUpTable.rb</filename>
      <filetype>rb</filetype>
      <usage_type>resource</usage_type>
      <checksum>9BBBC8BD</checksum>
    </file>
    <file>
      <filename>Siz.ElectricLoadCenterInverterSimple.rb</filename>
      <filetype>rb</filetype>
      <usage_type>resource</usage_type>
      <checksum>910F8BEC</checksum>
    </file>
    <file>
      <filename>Siz.ElectricLoadCenterStorageConverter.rb</filename>
      <filetype>rb</filetype>
      <usage_type>resource</usage_type>
      <checksum>DC712FBF</checksum>
    </file>
    <file>
      <filename>Siz.ElectricLoadCenterStorageSimple.rb</filename>
      <filetype>rb</filetype>
      <usage_type>resource</usage_type>
      <checksum>B606CFB4</checksum>
    </file>
    <file>
      <filename>Siz.EvaporativeCoolerDirectResearchSpecial.rb</filename>
      <filetype>rb</filetype>
      <usage_type>resource</usage_type>
      <checksum>E66C696D</checksum>
    </file>
    <file>
      <filename>Siz.EvaporativeCoolerIndirectResearchSpecial.rb</filename>
      <filetype>rb</filetype>
      <usage_type>resource</usage_type>
      <checksum>C1B2906F</checksum>
    </file>
    <file>
      <filename>Siz.FanConstantVolume.rb</filename>
      <filetype>rb</filetype>
      <usage_type>resource</usage_type>
      <checksum>14EEE399</checksum>
    </file>
    <file>
      <filename>Siz.FanOnOff.rb</filename>
      <filetype>rb</filetype>
      <usage_type>resource</usage_type>
      <checksum>3D9FB06D</checksum>
    </file>
    <file>
      <filename>Siz.FanVariableVolume.rb</filename>
      <filetype>rb</filetype>
      <usage_type>resource</usage_type>
      <checksum>001ACE0D</checksum>
    </file>
    <file>
      <filename>Siz.FanZoneExhaust.rb</filename>
      <filetype>rb</filetype>
      <usage_type>resource</usage_type>
      <checksum>3B83F41E</checksum>
    </file>
    <file>
      <filename>Siz.GeneratorFuelCellElectricalStorage.rb</filename>
      <filetype>rb</filetype>
      <usage_type>resource</usage_type>
      <checksum>301E751D</checksum>
    </file>
    <file>
      <filename>Siz.GeneratorFuelCellInverter.rb</filename>
      <filetype>rb</filetype>
      <usage_type>resource</usage_type>
      <checksum>F32C549B</checksum>
    </file>
    <file>
      <filename>Siz.GeneratorFuelCellPowerModule.rb</filename>
      <filetype>rb</filetype>
      <usage_type>resource</usage_type>
      <checksum>680BAB16</checksum>
    </file>
    <file>
      <filename>Siz.GeneratorMicroTurbine.rb</filename>
      <filetype>rb</filetype>
      <usage_type>resource</usage_type>
      <checksum>173DF404</checksum>
    </file>
    <file>
      <filename>Siz.GeneratorMicroTurbineHeatRecovery.rb</filename>
      <filetype>rb</filetype>
      <usage_type>resource</usage_type>
      <checksum>4060FC78</checksum>
    </file>
    <file>
      <filename>Siz.HeaderedPumpsConstantSpeed.rb</filename>
      <filetype>rb</filetype>
      <usage_type>resource</usage_type>
      <checksum>CE891FF4</checksum>
    </file>
    <file>
      <filename>Siz.HeaderedPumpsVariableSpeed.rb</filename>
      <filetype>rb</filetype>
      <usage_type>resource</usage_type>
      <checksum>828AA8CB</checksum>
    </file>
    <file>
      <filename>Siz.HeatExchangerAirToAirSensibleAndLatent.rb</filename>
      <filetype>rb</filetype>
      <usage_type>resource</usage_type>
      <checksum>F2C1573A</checksum>
    </file>
    <file>
      <filename>Siz.PhotovoltaicPerformanceSimple.rb</filename>
      <filetype>rb</filetype>
      <usage_type>resource</usage_type>
      <checksum>035AA4FB</checksum>
    </file>
    <file>
      <filename>Siz.PumpConstantSpeed.rb</filename>
      <filetype>rb</filetype>
      <usage_type>resource</usage_type>
      <checksum>19BD7258</checksum>
    </file>
    <file>
      <filename>Siz.PumpVariableSpeed.rb</filename>
      <filetype>rb</filetype>
      <usage_type>resource</usage_type>
      <checksum>1068C9D0</checksum>
    </file>
    <file>
      <filename>Siz.RefrigerationSecondarySystem.rb</filename>
      <filetype>rb</filetype>
      <usage_type>resource</usage_type>
      <checksum>EB7ED9E2</checksum>
    </file>
    <file>
      <filename>Siz.RefrigerationSystem.rb</filename>
      <filetype>rb</filetype>
      <usage_type>resource</usage_type>
      <checksum>A383D800</checksum>
    </file>
    <file>
      <filename>Siz.RefrigerationTranscriticalSystem.rb</filename>
      <filetype>rb</filetype>
      <usage_type>resource</usage_type>
      <checksum>7C623FA0</checksum>
    </file>
    <file>
      <filename>Siz.SolarCollectorPerformancePhotovoltaicThermalSimple.rb</filename>
      <filetype>rb</filetype>
      <usage_type>resource</usage_type>
      <checksum>DA3DD8D5</checksum>
    </file>
    <file>
      <filename>Siz.ThermalStorageChilledWaterStratified.rb</filename>
      <filetype>rb</filetype>
      <usage_type>resource</usage_type>
      <checksum>7D334C62</checksum>
    </file>
    <file>
      <filename>Siz.WaterHeaterHeatPump.rb</filename>
      <filetype>rb</filetype>
      <usage_type>resource</usage_type>
      <checksum>CA8900DD</checksum>
    </file>
    <file>
      <filename>Siz.WaterHeaterHeatPumpWrappedCondenser.rb</filename>
      <filetype>rb</filetype>
      <usage_type>resource</usage_type>
      <checksum>16899A69</checksum>
    </file>
    <file>
      <filename>Siz.WaterHeaterMixed.rb</filename>
      <filetype>rb</filetype>
      <usage_type>resource</usage_type>
      <checksum>06F1B65D</checksum>
    </file>
    <file>
      <filename>Siz.WaterHeaterStratified.rb</filename>
      <filetype>rb</filetype>
      <usage_type>resource</usage_type>
      <checksum>66FFBAAB</checksum>
    </file>
    <file>
      <filename>Siz.ZoneHVACBaseboardConvectiveElectric.rb</filename>
      <filetype>rb</filetype>
      <usage_type>resource</usage_type>
      <checksum>3EA879FC</checksum>
    </file>
    <file>
      <filename>Siz.ZoneHVACBaseboardConvectiveWater.rb</filename>
      <filetype>rb</filetype>
      <usage_type>resource</usage_type>
      <checksum>4BF6B735</checksum>
    </file>
    <file>
      <filename>Siz.ZoneHVACBaseboardRadiantConvectiveElectric.rb</filename>
      <filetype>rb</filetype>
      <usage_type>resource</usage_type>
      <checksum>87BD8ADD</checksum>
    </file>
    <file>
      <filename>Siz.ZoneHVACBaseboardRadiantConvectiveWater.rb</filename>
      <filetype>rb</filetype>
      <usage_type>resource</usage_type>
      <checksum>F248E5D6</checksum>
    </file>
    <file>
      <filename>Siz.ZoneHVACEnergyRecoveryVentilator.rb</filename>
      <filetype>rb</filetype>
      <usage_type>resource</usage_type>
      <checksum>351335D7</checksum>
    </file>
    <file>
      <filename>Siz.ZoneHVACFourPipeFanCoil.rb</filename>
      <filetype>rb</filetype>
      <usage_type>resource</usage_type>
      <checksum>F6DCC612</checksum>
    </file>
    <file>
      <filename>Siz.ZoneHVACHighTemperatureRadiant.rb</filename>
      <filetype>rb</filetype>
      <usage_type>resource</usage_type>
      <checksum>A6EECA57</checksum>
    </file>
    <file>
      <filename>Siz.ZoneHVACIdealLoadsAirSystem.rb</filename>
      <filetype>rb</filetype>
      <usage_type>resource</usage_type>
      <checksum>B229148E</checksum>
    </file>
    <file>
      <filename>Siz.ZoneHVACLowTempRadiantConstFlow.rb</filename>
      <filetype>rb</filetype>
      <usage_type>resource</usage_type>
      <checksum>BABEE34F</checksum>
    </file>
    <file>
      <filename>Siz.ZoneHVACLowTempRadiantVarFlow.rb</filename>
      <filetype>rb</filetype>
      <usage_type>resource</usage_type>
      <checksum>B5464F4C</checksum>
    </file>
    <file>
      <filename>Siz.ZoneHVACPackagedTerminalAirConditioner.rb</filename>
      <filetype>rb</filetype>
      <usage_type>resource</usage_type>
      <checksum>12799AFC</checksum>
    </file>
    <file>
      <filename>Siz.ZoneHVACPackagedTerminalHeatPump.rb</filename>
      <filetype>rb</filetype>
      <usage_type>resource</usage_type>
      <checksum>E96F324F</checksum>
    </file>
    <file>
      <filename>Siz.ZoneHVACTerminalUnitVariableRefrigerantFlow.rb</filename>
      <filetype>rb</filetype>
      <usage_type>resource</usage_type>
      <checksum>F3CB5E17</checksum>
    </file>
    <file>
      <filename>Siz.ZoneHVACUnitHeater.rb</filename>
      <filetype>rb</filetype>
      <usage_type>resource</usage_type>
      <checksum>348DBBE9</checksum>
    </file>
    <file>
      <filename>Siz.ZoneHVACUnitVentilator.rb</filename>
      <filetype>rb</filetype>
      <usage_type>resource</usage_type>
      <checksum>ADD040BA</checksum>
    </file>
    <file>
      <filename>Siz.ZoneHVACWaterToAirHeatPump.rb</filename>
      <filetype>rb</filetype>
      <usage_type>resource</usage_type>
      <checksum>38D259EF</checksum>
    </file>
    <file>
      <filename>Siz.ZoneVentilationDesignFlowRate.rb</filename>
      <filetype>rb</filetype>
      <usage_type>resource</usage_type>
      <checksum>61A94BD9</checksum>
    </file>
    <file>
      <filename>os_lib_schedules.rb</filename>
      <filetype>rb</filetype>
      <usage_type>resource</usage_type>
      <checksum>5F1CEF3A</checksum>
    </file>
    <file>
      <filename>report.html.erb</filename>
      <filetype>erb</filetype>
      <usage_type>resource</usage_type>
      <checksum>4F5045AC</checksum>
    </file>
    <file>
      <filename>os_lib_helper_methods.rb</filename>
      <filetype>rb</filetype>
      <usage_type>resource</usage_type>
      <checksum>9CFC43FB</checksum>
    </file>
    <file>
      <filename>Siz.AirLoopHVAC.rb</filename>
      <filetype>rb</filetype>
      <usage_type>resource</usage_type>
      <checksum>B24F449C</checksum>
    </file>
    <file>
      <filename>Siz.AirTerminalDualDuctVAV.rb</filename>
      <filetype>rb</filetype>
      <usage_type>resource</usage_type>
      <checksum>10445A63</checksum>
    </file>
    <file>
      <filename>Siz.AirTerminalSingleDuctConstantVolumeCooledBeam.rb</filename>
      <filetype>rb</filetype>
      <usage_type>resource</usage_type>
      <checksum>CCBE5DF1</checksum>
    </file>
    <file>
      <filename>Siz.AirTerminalSingleDuctUncontrolled.rb</filename>
      <filetype>rb</filetype>
      <usage_type>resource</usage_type>
      <checksum>702D1432</checksum>
    </file>
    <file>
      <filename>Siz.AirTerminalSingleDuctVAVHeatAndCoolNoReheat.rb</filename>
      <filetype>rb</filetype>
      <usage_type>resource</usage_type>
      <checksum>72D56CB9</checksum>
    </file>
    <file>
      <filename>Siz.AirTerminalSingleDuctVAVNoReheat.rb</filename>
      <filetype>rb</filetype>
      <usage_type>resource</usage_type>
      <checksum>CC026DFE</checksum>
    </file>
    <file>
      <filename>Siz.ChillerAbsorption.rb</filename>
      <filetype>rb</filetype>
      <usage_type>resource</usage_type>
      <checksum>9515C292</checksum>
    </file>
    <file>
      <filename>Siz.ChillerAbsorptionIndirect.rb</filename>
      <filetype>rb</filetype>
      <usage_type>resource</usage_type>
      <checksum>B3EEA051</checksum>
    </file>
    <file>
      <filename>Siz.CoilCoolingDXMultiSpeed.rb</filename>
      <filetype>rb</filetype>
      <usage_type>resource</usage_type>
      <checksum>50F6E72C</checksum>
    </file>
    <file>
      <filename>Siz.CoilCoolingDXTwoStageWithHumidityControlMode.rb</filename>
      <filetype>rb</filetype>
      <usage_type>resource</usage_type>
      <checksum>1AF41FA6</checksum>
    </file>
    <file>
      <filename>Siz.CoilCoolingDXVariableRefrigerantFlow.rb</filename>
      <filetype>rb</filetype>
      <usage_type>resource</usage_type>
      <checksum>182312F8</checksum>
    </file>
    <file>
      <filename>Siz.CoilCoolingDXVariableSpeed.rb</filename>
      <filetype>rb</filetype>
      <usage_type>resource</usage_type>
      <checksum>769DE0E6</checksum>
    </file>
    <file>
      <filename>Siz.CoilCoolingLowTempRadiantVarFlow.rb</filename>
      <filetype>rb</filetype>
      <usage_type>resource</usage_type>
      <checksum>F53B9DC9</checksum>
    </file>
    <file>
      <filename>Siz.CoilCoolingWater.rb</filename>
      <filetype>rb</filetype>
      <usage_type>resource</usage_type>
      <checksum>C0B2B112</checksum>
    </file>
    <file>
      <filename>Siz.CoilCoolingWaterToAirHeatPumpEquationFit.rb</filename>
      <filetype>rb</filetype>
      <usage_type>resource</usage_type>
      <checksum>B794E6B7</checksum>
    </file>
    <file>
      <filename>Siz.CoilCoolingWaterToAirHeatPumpVariableSpeedEquationFit.rb</filename>
      <filetype>rb</filetype>
      <usage_type>resource</usage_type>
      <checksum>15837522</checksum>
    </file>
    <file>
      <filename>Siz.CoilHeatingDXMultiSpeed.rb</filename>
      <filetype>rb</filetype>
      <usage_type>resource</usage_type>
      <checksum>A8615AE9</checksum>
    </file>
    <file>
      <filename>Siz.CoilHeatingDXVariableRefrigerantFlow.rb</filename>
      <filetype>rb</filetype>
      <usage_type>resource</usage_type>
      <checksum>D1043A32</checksum>
    </file>
    <file>
      <filename>Siz.CoilHeatingDXVariableSpeed.rb</filename>
      <filetype>rb</filetype>
      <usage_type>resource</usage_type>
      <checksum>E19F2DF1</checksum>
    </file>
    <file>
      <filename>Siz.CoilHeatingGasMultiStage.rb</filename>
      <filetype>rb</filetype>
      <usage_type>resource</usage_type>
      <checksum>6AEFF8A4</checksum>
    </file>
    <file>
      <filename>Siz.CoilHeatingWater.rb</filename>
      <filetype>rb</filetype>
      <usage_type>resource</usage_type>
      <checksum>80E6DAB6</checksum>
    </file>
    <file>
      <filename>Siz.CoilHeatingWaterBaseboard.rb</filename>
      <filetype>rb</filetype>
      <usage_type>resource</usage_type>
      <checksum>AAF506BA</checksum>
    </file>
    <file>
      <filename>Siz.CoilHeatingWaterBaseboardRadiant.rb</filename>
      <filetype>rb</filetype>
      <usage_type>resource</usage_type>
      <checksum>B8CF1CE7</checksum>
    </file>
    <file>
      <filename>Siz.CoilHeatingWaterToAirHeatPumpEquationFit.rb</filename>
      <filetype>rb</filetype>
      <usage_type>resource</usage_type>
      <checksum>49B61756</checksum>
    </file>
    <file>
      <filename>Siz.CoilHeatingWaterToAirHeatPumpVariableSpeedEquationFit.rb</filename>
      <filetype>rb</filetype>
      <usage_type>resource</usage_type>
      <checksum>3C859B9A</checksum>
    </file>
    <file>
      <filename>Siz.ControllerOutdoorAir.rb</filename>
      <filetype>rb</filetype>
      <usage_type>resource</usage_type>
      <checksum>2830E014</checksum>
    </file>
    <file>
      <filename>Siz.CoolingTowerSingleSpeed.rb</filename>
      <filetype>rb</filetype>
      <usage_type>resource</usage_type>
      <checksum>0C88E6F6</checksum>
    </file>
    <file>
      <filename>Siz.CoolingTowerTwoSpeed.rb</filename>
      <filetype>rb</filetype>
      <usage_type>resource</usage_type>
      <checksum>6D5DF7C9</checksum>
    </file>
    <file>
      <filename>Siz.CoolingTowerVariableSpeed.rb</filename>
      <filetype>rb</filetype>
      <usage_type>resource</usage_type>
      <checksum>6E696193</checksum>
    </file>
    <file>
      <filename>Siz.DistrictCooling.rb</filename>
      <filetype>rb</filetype>
      <usage_type>resource</usage_type>
      <checksum>4FE163A7</checksum>
    </file>
    <file>
      <filename>Siz.DistrictHeating.rb</filename>
      <filetype>rb</filetype>
      <usage_type>resource</usage_type>
      <checksum>0BFE51BE</checksum>
    </file>
    <file>
      <filename>Siz.EvaporativeFluidCoolerSingleSpeed.rb</filename>
      <filetype>rb</filetype>
      <usage_type>resource</usage_type>
      <checksum>5A3E0981</checksum>
    </file>
    <file>
      <filename>Siz.EvaporativeFluidCoolerTwoSpeed.rb</filename>
      <filetype>rb</filetype>
      <usage_type>resource</usage_type>
      <checksum>BC44C5E4</checksum>
    </file>
    <file>
      <filename>Siz.FluidCoolerSingleSpeed.rb</filename>
      <filetype>rb</filetype>
      <usage_type>resource</usage_type>
      <checksum>21D40AA4</checksum>
    </file>
    <file>
      <filename>Siz.FluidCoolerTwoSpeed.rb</filename>
      <filetype>rb</filetype>
      <usage_type>resource</usage_type>
      <checksum>B13194ED</checksum>
    </file>
    <file>
      <filename>Siz.HeatExchangerFluidToFluid.rb</filename>
      <filetype>rb</filetype>
      <usage_type>resource</usage_type>
      <checksum>B318534F</checksum>
    </file>
    <file>
      <filename>Siz.HeatPumpWaterToWaterEquationFitCooling.rb</filename>
      <filetype>rb</filetype>
      <usage_type>resource</usage_type>
      <checksum>CF52142D</checksum>
    </file>
    <file>
      <filename>Siz.HeatPumpWaterToWaterEquationFitHeating.rb</filename>
      <filetype>rb</filetype>
      <usage_type>resource</usage_type>
      <checksum>39D37C1E</checksum>
    </file>
    <file>
      <filename>Siz.HumidifierSteamElectric.rb</filename>
      <filetype>rb</filetype>
      <usage_type>resource</usage_type>
      <checksum>4AC9E00C</checksum>
    </file>
    <file>
      <filename>Siz.HVACComponent.rb</filename>
      <filetype>rb</filetype>
      <usage_type>resource</usage_type>
      <checksum>7B9BDC31</checksum>
    </file>
    <file>
      <filename>Siz.Model.rb</filename>
      <filetype>rb</filetype>
      <usage_type>resource</usage_type>
      <checksum>049C8904</checksum>
    </file>
    <file>
      <filename>Siz.ModelObject.rb</filename>
      <filetype>rb</filetype>
      <usage_type>resource</usage_type>
      <checksum>8EB6E059</checksum>
    </file>
    <file>
      <filename>Siz.PlantComponentTemperatureSource.rb</filename>
      <filetype>rb</filetype>
      <usage_type>resource</usage_type>
      <checksum>A718CAD8</checksum>
    </file>
    <file>
      <filename>Siz.PlantLoop.rb</filename>
      <filetype>rb</filetype>
      <usage_type>resource</usage_type>
      <checksum>CB54F385</checksum>
    </file>
    <file>
      <filename>Siz.SizingSystem.rb</filename>
      <filetype>rb</filetype>
      <usage_type>resource</usage_type>
      <checksum>0E11ADA1</checksum>
    </file>
    <file>
      <filename>Siz.SolarCollectorFlatPlatePhotovoltaicThermal.rb</filename>
      <filetype>rb</filetype>
      <usage_type>resource</usage_type>
      <checksum>47B98BCD</checksum>
    </file>
    <file>
      <filename>LICENSE.md</filename>
      <filetype>md</filetype>
      <usage_type>license</usage_type>
      <checksum>9640B6CB</checksum>
    </file>
    <file>
      <filename>README.md.erb</filename>
      <filetype>erb</filetype>
      <usage_type>readmeerb</usage_type>
      <checksum>703C9964</checksum>
    </file>
    <file>
      <filename>README.md</filename>
      <filetype>md</filetype>
      <usage_type>readme</usage_type>
      <checksum>66701C4F</checksum>
    </file>
    <file>
      <filename>OpenStudioResults_Test.rb</filename>
      <filetype>rb</filetype>
      <usage_type>test</usage_type>
      <checksum>0D1C78D5</checksum>
    </file>
    <file>
      <version>
        <software_program>OpenStudio</software_program>
        <identifier>2.0.0</identifier>
        <min_compatible>2.0.0</min_compatible>
      </version>
      <filename>measure.rb</filename>
      <filetype>rb</filetype>
      <usage_type>script</usage_type>
      <checksum>241E7F9A</checksum>
    </file>
    <file>
      <filename>os_lib_reporting.rb</filename>
      <filetype>rb</filetype>
      <usage_type>resource</usage_type>
      <checksum>9F7E1DC4</checksum>
    </file>
  </files>
</measure>
