<?xml version="1.0"?>
<measure>
  <schema_version>3.0</schema_version>
  <name>aedg_small_to_medium_office_electric_equipment</name>
  <uid>2b50c112-4ee3-42b2-8c7f-d76d752cd0b4</uid>
  <version_id>0a21c9b2-d3f0-4906-8b44-486c273206e0</version_id>
  <version_modified>20200512T201425Z</version_modified>
  <xml_checksum>126F1C43</xml_checksum>
  <class_name>AedgSmallToMediumOfficeElectricEquipment</class_name>
  <display_name>AedgSmallToMediumOfficeElectricEquipment</display_name>
  <description>This measure removes all existing electric equipment from spaces recognized as office building space types. New electric objects will be added based on the 50% Small to Medium Office AEDG recommendations.</description>
  <modeler_description>Equipment in un-recognized spaces will be left alone. This measure will attempt to retain schedules from the initial model. If the initial model contained multiple electric equipment objects associated with multiple schedules, then one of those schedules will be picked for the new electric equipment.</modeler_description>
  <arguments>
    <argument>
      <name>material_cost_ip</name>
      <display_name>Material and Installation Costs for Electric Equipment per Floor Area ($/ft^2).</display_name>
      <type>Double</type>
      <required>true</required>
      <model_dependent>false</model_dependent>
      <default_value>0</default_value>
    </argument>
  </arguments>
  <outputs />
  <provenances />
  <tags>
    <tag>Equipment.Electric Equipment</tag>
  </tags>
  <attributes>
    <attribute>
      <name>Measure Type</name>
      <value>ModelMeasure</value>
      <datatype>string</datatype>
    </attribute>
    <attribute>
      <name>Uses SketchUp API</name>
      <value>false</value>
      <datatype>boolean</datatype>
    </attribute>
  </attributes>
  <files>
    <file>
      <filename>BasicOfficeWithOnePlenumFloor.osm</filename>
      <filetype>osm</filetype>
      <usage_type>test</usage_type>
      <checksum>B8BD0491</checksum>
    </file>
    <file>
      <filename>README.md.erb</filename>
      <filetype>erb</filetype>
      <usage_type>readmeerb</usage_type>
      <checksum>703C9964</checksum>
    </file>
    <file>
      <filename>README.md</filename>
      <filetype>md</filetype>
      <usage_type>readme</usage_type>
      <checksum>6795D266</checksum>
    </file>
    <file>
      <filename>AedgSmallToMediumOfficeElectricEquipment_Test.rb</filename>
      <filetype>rb</filetype>
      <usage_type>test</usage_type>
      <checksum>19C2AA62</checksum>
    </file>
    <file>
      <filename>LICENSE.md</filename>
      <filetype>md</filetype>
      <usage_type>license</usage_type>
      <checksum>E0468DD6</checksum>
    </file>
    <file>
      <version>
        <software_program>OpenStudio</software_program>
        <identifier>2.0.0</identifier>
        <min_compatible>2.8.0</min_compatible>
      </version>
      <filename>measure.rb</filename>
      <filetype>rb</filetype>
      <usage_type>script</usage_type>
      <checksum>DD9543DC</checksum>
    </file>
    <file>
      <filename>OsLib_AedgMeasures.rb</filename>
      <filetype>rb</filetype>
      <usage_type>resource</usage_type>
      <checksum>F1FB3610</checksum>
    </file>
  </files>
</measure>
