<measure>
  <schema_version>3.0</schema_version>
  <name>set_thermostat_schedules</name>
  <uid>2978cde0-53d5-4096-bdab-11f9f6e074f1</uid>
  <version_id>c6c768cd-4cbf-4a7a-93cd-23bcc0656182</version_id>
  <version_modified>20180710T213339Z</version_modified>
  <xml_checksum>F4CEA58B</xml_checksum>
  <class_name>SetThermostatSchedules</class_name>
  <display_name>Set Thermostat Schedules</display_name>
  <description>Sets zone thermostat schedules to schedules in the same file. If a zone does not have a thermostat this measure will add one</description>
  <modeler_description>Sets zone thermostat schedules to schedules in the same file. If a zone does not have a thermostat this measure will add one.</modeler_description>
  <arguments>
    <argument>
      <name>zones</name>
      <display_name>Choose Thermal Zones to change thermostat schedules on.</display_name>
      <type>Choice</type>
      <required>true</required>
      <model_dependent>false</model_dependent>
      <default_value>*All Thermal Zones*</default_value>
      <choices>
        <choice>
          <value>{87e3a7c4-4cfc-427d-bb1c-472f9ba4698e}</value>
          <display_name>*All Thermal Zones*</display_name>
        </choice>
      </choices>
    </argument>
    <argument>
      <name>cooling_sch</name>
      <display_name>Choose Cooling Schedule.</display_name>
      <type>Choice</type>
      <required>true</required>
      <model_dependent>false</model_dependent>
      <default_value>*No Change*</default_value>
      <choices>
        <choice>
          <value>{00000000-0000-0000-0000-000000000000}</value>
          <display_name>*No Change*</display_name>
        </choice>
      </choices>
    </argument>
    <argument>
      <name>heating_sch</name>
      <display_name>Choose Heating Schedule.</display_name>
      <type>Choice</type>
      <required>true</required>
      <model_dependent>false</model_dependent>
      <default_value>*No Change*</default_value>
      <choices>
        <choice>
          <value>{00000000-0000-0000-0000-000000000000}</value>
          <display_name>*No Change*</display_name>
        </choice>
      </choices>
    </argument>
    <argument>
      <name>material_cost</name>
      <display_name>Material and Installation Costs per Thermal Zone ($/thermal zone).</display_name>
      <type>Double</type>
      <required>true</required>
      <model_dependent>false</model_dependent>
      <default_value>0</default_value>
    </argument>
  </arguments>
  <outputs/>
  <provenances/>
  <tags>
    <tag>HVAC.HVAC Controls</tag>
  </tags>
  <attributes>
    <attribute>
      <name>Measure Function</name>
      <value>Measure</value>
      <datatype>string</datatype>
    </attribute>
    <attribute>
      <name>Requires EnergyPlus Results</name>
      <value>false</value>
      <datatype>boolean</datatype>
    </attribute>
    <attribute>
      <name>Measure Type</name>
      <value>ModelMeasure</value>
      <datatype>string</datatype>
    </attribute>
    <attribute>
      <name>Uses SketchUp API</name>
      <value>false</value>
      <datatype>boolean</datatype>
    </attribute>
  </attributes>
  <files>
    <file>
      <version>
        <software_program>OpenStudio</software_program>
        <identifier>2.0.0</identifier>
        <min_compatible>2.0.0</min_compatible>
      </version>
      <filename>measure.rb</filename>
      <filetype>rb</filetype>
      <usage_type>script</usage_type>
      <checksum>194979CD</checksum>
    </file>
    <file>
      <filename>LICENSE.md</filename>
      <filetype>md</filetype>
      <usage_type>license</usage_type>
      <checksum>9640B6CB</checksum>
    </file>
    <file>
      <filename>README.md.erb</filename>
      <filetype>erb</filetype>
      <usage_type>readmeerb</usage_type>
      <checksum>703C9964</checksum>
    </file>
    <file>
      <filename>README.md</filename>
      <filetype>md</filetype>
      <usage_type>readme</usage_type>
      <checksum>7C2538DE</checksum>
    </file>
    <file>
      <filename>SetThermostatSchedules_Test.rb</filename>
      <filetype>rb</filetype>
      <usage_type>test</usage_type>
      <checksum>BACDB93C</checksum>
    </file>
  </files>
</measure>
