<measure>
  <schema_version>3.0</schema_version>
  <name>change_building_location</name>
  <uid>d4db4971-f5ba-11e3-a3ac-0800200c9a66</uid>
  <version_id>aa6af1cd-6cce-4352-bddd-e4cf47d79b35</version_id>
  <version_modified>20181101T151202Z</version_modified>
  <xml_checksum>057E8D9D</xml_checksum>
  <class_name>ChangeBuildingLocation</class_name>
  <display_name>ChangeBuildingLocation</display_name>
  <description>Change the building location</description>
  <modeler_description>Change the building location</modeler_description>
  <arguments>
    <argument>
      <name>weather_file_name</name>
      <display_name>Weather File Name</display_name>
      <description>Name of the weather file to change to. This is the filename with the extension (e.g. NewWeather.epw). Optionally this can inclucde the full file path, but for most use cases should just be file name.</description>
      <type>String</type>
      <required>true</required>
      <model_dependent>false</model_dependent>
    </argument>
    <argument>
      <name>climate_zone</name>
      <display_name>Climate Zone.</display_name>
      <type>Choice</type>
      <required>true</required>
      <model_dependent>false</model_dependent>
      <default_value>Lookup From Stat File</default_value>
      <choices>
        <choice>
          <value>1A</value>
          <display_name>1A</display_name>
        </choice>
        <choice>
          <value>1B</value>
          <display_name>1B</display_name>
        </choice>
        <choice>
          <value>2A</value>
          <display_name>2A</display_name>
        </choice>
        <choice>
          <value>2B</value>
          <display_name>2B</display_name>
        </choice>
        <choice>
          <value>3A</value>
          <display_name>3A</display_name>
        </choice>
        <choice>
          <value>3B</value>
          <display_name>3B</display_name>
        </choice>
        <choice>
          <value>3C</value>
          <display_name>3C</display_name>
        </choice>
        <choice>
          <value>4A</value>
          <display_name>4A</display_name>
        </choice>
        <choice>
          <value>4B</value>
          <display_name>4B</display_name>
        </choice>
        <choice>
          <value>4C</value>
          <display_name>4C</display_name>
        </choice>
        <choice>
          <value>5A</value>
          <display_name>5A</display_name>
        </choice>
        <choice>
          <value>5B</value>
          <display_name>5B</display_name>
        </choice>
        <choice>
          <value>5C</value>
          <display_name>5C</display_name>
        </choice>
        <choice>
          <value>6A</value>
          <display_name>6A</display_name>
        </choice>
        <choice>
          <value>6B</value>
          <display_name>6B</display_name>
        </choice>
        <choice>
          <value>7</value>
          <display_name>7</display_name>
        </choice>
        <choice>
          <value>8</value>
          <display_name>8</display_name>
        </choice>
        <choice>
          <value>Lookup From Stat File</value>
          <display_name>Lookup From Stat File</display_name>
        </choice>
      </choices>
    </argument>
    <argument>
      <name>set_year</name>
      <display_name>Set Calendar Year</display_name>
      <description>This will impact the day of the week the simulation starts on. An input value of 0 will leave the year un-altered</description>
      <type>Integer</type>
      <required>true</required>
      <model_dependent>false</model_dependent>
      <default_value>0</default_value>
    </argument>
    <argument>
      <name>use_upstream_args</name>
      <display_name>Use Upstream Argument Values</display_name>
      <description>When true this will look for arguments or registerValues in upstream measures that match arguments from this measure, and will use the value from the upstream measure in place of what is entered for this measure.</description>
      <type>Boolean</type>
      <required>true</required>
      <model_dependent>false</model_dependent>
      <default_value>true</default_value>
      <choices>
        <choice>
          <value>true</value>
          <display_name>true</display_name>
        </choice>
        <choice>
          <value>false</value>
          <display_name>false</display_name>
        </choice>
      </choices>
    </argument>
  </arguments>
  <outputs/>
  <provenances/>
  <tags>
    <tag>Whole Building.Space Types</tag>
  </tags>
  <attributes>
    <attribute>
      <name>Measure Type</name>
      <value>ModelMeasure</value>
      <datatype>string</datatype>
    </attribute>
    <attribute>
      <name>Uses SketchUp API</name>
      <value>false</value>
      <datatype>boolean</datatype>
    </attribute>
  </attributes>
  <files>
    <file>
      <filename>another_weather_file.ddy</filename>
      <filetype>ddy</filetype>
      <usage_type>test</usage_type>
      <checksum>D6178C51</checksum>
    </file>
    <file>
      <filename>another_weather_file.epw</filename>
      <filetype>epw</filetype>
      <usage_type>test</usage_type>
      <checksum>D3B7E25B</checksum>
    </file>
    <file>
      <filename>another_weather_file.stat</filename>
      <filetype>stat</filetype>
      <usage_type>test</usage_type>
      <checksum>E8C83421</checksum>
    </file>
    <file>
      <filename>test.osm</filename>
      <filetype>osm</filetype>
      <usage_type>test</usage_type>
      <checksum>0B8479BC</checksum>
    </file>
    <file>
      <filename>USA_MA_Boston-Logan.Intl.AP.725090_TMY3.ddy</filename>
      <filetype>ddy</filetype>
      <usage_type>test</usage_type>
      <checksum>E4CBEAF0</checksum>
    </file>
    <file>
      <filename>USA_MA_Boston-Logan.Intl.AP.725090_TMY3.epw</filename>
      <filetype>epw</filetype>
      <usage_type>test</usage_type>
      <checksum>B65824C3</checksum>
    </file>
    <file>
      <filename>USA_MA_Boston-Logan.Intl.AP.725090_TMY3.stat</filename>
      <filetype>stat</filetype>
      <usage_type>test</usage_type>
      <checksum>8657DDB9</checksum>
    </file>
    <file>
      <filename>multiyear.ddy</filename>
      <filetype>ddy</filetype>
      <usage_type>test</usage_type>
      <checksum>D6178C51</checksum>
    </file>
    <file>
      <filename>multiyear.epw</filename>
      <filetype>epw</filetype>
      <usage_type>test</usage_type>
      <checksum>F0A18702</checksum>
    </file>
    <file>
      <filename>multiyear.stat</filename>
      <filetype>stat</filetype>
      <usage_type>test</usage_type>
      <checksum>E715E1B9</checksum>
    </file>
    <file>
      <filename>USA_WA_Renton.Muni.AP.727934_TMY3.ddy</filename>
      <filetype>ddy</filetype>
      <usage_type>test</usage_type>
      <checksum>D2D8CDAB</checksum>
    </file>
    <file>
      <filename>USA_WA_Renton.Muni.AP.727934_TMY3.epw</filename>
      <filetype>epw</filetype>
      <usage_type>test</usage_type>
      <checksum>F6F36230</checksum>
    </file>
    <file>
      <filename>USA_WA_Renton.Muni.AP.727934_TMY3.stat</filename>
      <filetype>stat</filetype>
      <usage_type>test</usage_type>
      <checksum>7C51425E</checksum>
    </file>
    <file>
      <filename>test.osw</filename>
      <filetype>osw</filetype>
      <usage_type>test</usage_type>
      <checksum>F5FABCCF</checksum>
    </file>
    <file>
      <filename>stat_file.rb</filename>
      <filetype>rb</filetype>
      <usage_type>resource</usage_type>
      <checksum>FA04CAFA</checksum>
    </file>
    <file>
      <filename>epw.rb</filename>
      <filetype>rb</filetype>
      <usage_type>resource</usage_type>
      <checksum>75D1E203</checksum>
    </file>
    <file>
      <filename>os_lib_helper_methods.rb</filename>
      <filetype>rb</filetype>
      <usage_type>resource</usage_type>
      <checksum>9CFC43FB</checksum>
    </file>
    <file>
      <filename>LICENSE.md</filename>
      <filetype>md</filetype>
      <usage_type>license</usage_type>
      <checksum>9640B6CB</checksum>
    </file>
    <file>
      <filename>README.md.erb</filename>
      <filetype>erb</filetype>
      <usage_type>readmeerb</usage_type>
      <checksum>703C9964</checksum>
    </file>
    <file>
      <filename>change_building_location_test.rb</filename>
      <filetype>rb</filetype>
      <usage_type>test</usage_type>
      <checksum>E217A0AA</checksum>
    </file>
    <file>
      <version>
        <software_program>OpenStudio</software_program>
        <identifier>2.0.0</identifier>
        <min_compatible>2.0.0</min_compatible>
      </version>
      <filename>measure.rb</filename>
      <filetype>rb</filetype>
      <usage_type>script</usage_type>
      <checksum>CF871950</checksum>
    </file>
    <file>
      <filename>README.md</filename>
      <filetype>md</filetype>
      <usage_type>readme</usage_type>
      <checksum>9DE4AD7B</checksum>
    </file>
  </files>
</measure>
