{
  "ChangeBuildingLocation Atlanta": {
    "weather_file_name": "USA_GA_Atlanta-Hartsfield-Jackson.Intl.AP.722190_TMY3.epw",
    "climate_zone": "Lookup From Stat File",
    "applicable": true
  },
  "CreateBar LargeHotel": {
    "bldg_type_a": "LargeHotel",
    "bldg_type_a_num_units": 1,
    "bldg_type_b": "SmallOffice",
    "bldg_type_b_fract_bldg_area": 0.0,
    "bldg_type_b_num_units": 1,
    "bldg_type_c": "SmallOffice",
    "bldg_type_c_fract_bldg_area": 0.0,
    "bldg_type_c_num_units": 1,
    "bldg_type_d": "SmallOffice",
    "bldg_type_d_fract_bldg_area": 0.0,
    "bldg_type_d_num_units": 1,
    "single_floor_area": 0.0,
    "total_bldg_floor_area": 100000.0,
    "floor_height": 0.0,
    "num_stories_above_grade": 10.0,
    "num_stories_below_grade": 1,
    "building_rotation": 0.0,
    "template": "90.1-2004",
    "ns_to_ew_ratio": 3.0,
    "wwr": 0.0,
    "party_wall_fraction": 0.0,
    "party_wall_stories_north": 0,
    "party_wall_stories_south": 0,
    "party_wall_stories_east": 4,
    "party_wall_stories_west": 0,
    "bottom_story_ground_exposed_floor": true,
    "top_story_exterior_exposed_roof": true,
    "story_multiplier": "Basements Ground Mid Top",
    "bar_division_method": "Multiple Space Types - Individual Stories Sliced",
    "make_mid_story_surfaces_adiabatic": false,
    "party_wall_fraction_actual": 0.05,
    "applicable": true
  },
  "CreateTypicalModel": {
    "template": "90.1-2004",
    "system_type": "Inferred",
    "hvac_delivery_type": "Forced Air",
    "htg_src": "NaturalGas",
    "clg_src": "Electricity",
    "kitchen_makeup": "Adjacent",
    "exterior_lighting_zone": "3 - All Other Areas",
    "add_constructions": true,
    "add_space_type_loads": true,
    "add_elevators": true,
    "add_exterior_lights": true,
    "onsite_parking_fraction": 1.0,
    "add_exhaust": true,
    "add_swh": true,
    "add_thermostat": true,
    "add_hvac": true,
    "remove_objects": true,
    "applicable": true
  },
  "ViewModel": {
    "applicable": false
  },
  "Tariff": {
    "ElectricityPurchased:Facility": "Example_A",
    "Gas:Facility": "FlatEnergyCharge-Gas",
    "applicable": true
  },
  "OpenStudio Results": {
    "building_summary_section": true,
    "annual_overview_section": true,
    "monthly_overview_section": true,
    "utility_bills_rates_section": true,
    "envelope_section_section": true,
    "space_type_breakdown_section": true,
    "space_type_details_section": true,
    "interior_lighting_section": true,
    "plug_loads_section": true,
    "exterior_light_section": true,
    "water_use_section": true,
    "hvac_load_profile": true,
    "zone_condition_section": true,
    "zone_summary_section": true,
    "zone_equipment_detail_section": true,
    "air_loops_detail_section": true,
    "plant_loops_detail_section": true,
    "outdoor_air_section": true,
    "cost_summary_section": true,
    "source_energy_section": true,
    "schedules_overview_section": true,
    "building_name": "building_name",
    "total_site_energy": 13514061.804968106,
    "net_site_energy": 13514061.804968106,
    "total_building_area": 99999.95694435832,
    "total_site_eui": 135.14067623536639,
    "eui": 135.14067623536639,
    "unmet_hours_during_heating": 723.75,
    "unmet_hours_during_cooling": 716.75,
    "unmet_hours_during_occupied_heating": 611.25,
    "unmet_hours_during_occupied_cooling": 623.0,
    "unmet_hours_tolerance_heating": 0.36,
    "unmet_hours_tolerance_cooling": 0.36,
    "end_use_heating": 3426169.3265085793,
    "end_use_cooling": 2314152.368272183,
    "end_use_interior_lighting": 1146849.2374079109,
    "end_use_exterior_lighting": 295538.8562848955,
    "end_use_interior_equipment": 4661193.990619238,
    "end_use_exterior_equipment": 0.0,
    "end_use_fans": 1049157.7268172172,
    "end_use_pumps": 428337.5130119943,
    "end_use_heat_rejection": 192662.786046088,
    "end_use_humidification": 0.0,
    "end_use_heat_recovery": 0.0,
    "end_use_water_systems": 0.0,
    "end_use_refrigeration": 0.0,
    "end_use_generators": 0.0,
    "fuel_electricity": 8404095.36422292,
    "fuel_natural_gas": 5109966.440745187,
    "fuel_additional_fuel": 0.0,
    "fuel_district_cooling": 0.0,
    "fuel_district_heating": 0.0,
    "end_use_electricity_heating": 0.0,
    "end_use_electricity_cooling": 678211.1111111111,
    "end_use_electricity_interior_lighting": 336108.3333333333,
    "end_use_electricity_exterior_lighting": 86613.88888888889,
    "end_use_electricity_interior_equipment": 872588.8888888889,
    "end_use_electricity_exterior_equipment": 0.0,
    "end_use_electricity_fans": 307477.7777777778,
    "end_use_electricity_pumps": 125533.33333333333,
    "end_use_electricity_heat_rejection": 56463.88888888889,
    "end_use_electricity_humidification": 0.0,
    "end_use_electricity_heat_recovery": 0.0,
    "end_use_electricity_water_systems": 0.0,
    "end_use_electricity_refrigeration": 0.0,
    "end_use_electricity_generators": 0.0,
    "end_use_natural_gas_heating": 34268.304000000004,
    "end_use_natural_gas_cooling": 0.0,
    "end_use_natural_gas_interior_lighting": 0.0,
    "end_use_natural_gas_exterior_lighting": 0.0,
    "end_use_natural_gas_interior_equipment": 16841.22,
    "end_use_natural_gas_exterior_equipment": 0.0,
    "end_use_natural_gas_fans": 0.0,
    "end_use_natural_gas_pumps": 0.0,
    "end_use_natural_gas_heat_rejection": 0.0,
    "end_use_natural_gas_humidification": 0.0,
    "end_use_natural_gas_heat_recovery": 0.0,
    "end_use_natural_gas_water_systems": 0.0,
    "end_use_natural_gas_refrigeration": 0.0,
    "end_use_natural_gas_generators": 0.0,
    "electricity_heating_ip": 0.0,
    "electricity_cooling_ip": 678211.7222222222,
    "electricity_interior_lighting_ip": 336108.5,
    "electricity_exterior_lighting_ip": 86614.47222222222,
    "electricity_interior_equipment_ip": 872589.1666666666,
    "electricity_exterior_equipment_ip": 0.0,
    "electricity_fans_ip": 307477.25,
    "electricity_pumps_ip": 125532.69444444445,
    "electricity_heat_rejection_ip": 56463.99444444445,
    "electricity_humidification_ip": 0.0,
    "electricity_heat_recovery_ip": 0.0,
    "electricity_water_systems_ip": 0.0,
    "electricity_refrigeration_ip": 0.0,
    "electricity_generators_ip": 0.0,
    "electricity_ip": 2462997.8000000003,
    "natural_gas_heating_ip": 3426.1683786914587,
    "natural_gas_cooling_ip": 0.0,
    "natural_gas_interior_lighting_ip": 0.0,
    "natural_gas_exterior_lighting_ip": 0.0,
    "natural_gas_interior_equipment_ip": 1683.7980620537282,
    "natural_gas_exterior_equipment_ip": 0.0,
    "natural_gas_fans_ip": 0.0,
    "natural_gas_pumps_ip": 0.0,
    "natural_gas_heat_rejection_ip": 0.0,
    "natural_gas_humidification_ip": 0.0,
    "natural_gas_heat_recovery_ip": 0.0,
    "natural_gas_water_systems_ip": 0.0,
    "natural_gas_refrigeration_ip": 0.0,
    "natural_gas_generators_ip": 0.0,
    "natural_gas_ip": 5109.966440745186,
    "additional_fuel_heating_ip": 0.0,
    "additional_fuel_cooling_ip": 0.0,
    "additional_fuel_interior_lighting_ip": 0.0,
    "additional_fuel_exterior_lighting_ip": 0.0,
    "additional_fuel_interior_equipment_ip": 0.0,
    "additional_fuel_exterior_equipment_ip": 0.0,
    "additional_fuel_fans_ip": 0.0,
    "additional_fuel_pumps_ip": 0.0,
    "additional_fuel_heat_rejection_ip": 0.0,
    "additional_fuel_humidification_ip": 0.0,
    "additional_fuel_heat_recovery_ip": 0.0,
    "additional_fuel_water_systems_ip": 0.0,
    "additional_fuel_refrigeration_ip": 0.0,
    "additional_fuel_generators_ip": 0.0,
    "additional_fuel_ip": 0.0,
    "district_cooling_heating_ip": 0.0,
    "district_cooling_cooling_ip": 0.0,
    "district_cooling_interior_lighting_ip": 0.0,
    "district_cooling_exterior_lighting_ip": 0.0,
    "district_cooling_interior_equipment_ip": 0.0,
    "district_cooling_exterior_equipment_ip": 0.0,
    "district_cooling_fans_ip": 0.0,
    "district_cooling_pumps_ip": 0.0,
    "district_cooling_heat_rejection_ip": 0.0,
    "district_cooling_humidification_ip": 0.0,
    "district_cooling_heat_recovery_ip": 0.0,
    "district_cooling_water_systems_ip": 0.0,
    "district_cooling_refrigeration_ip": 0.0,
    "district_cooling_generators_ip": 0.0,
    "district_cooling_ip": 0.0,
    "district_heating_heating_ip": 0.0,
    "district_heating_cooling_ip": 0.0,
    "district_heating_interior_lighting_ip": 0.0,
    "district_heating_exterior_lighting_ip": 0.0,
    "district_heating_interior_equipment_ip": 0.0,
    "district_heating_exterior_equipment_ip": 0.0,
    "district_heating_fans_ip": 0.0,
    "district_heating_pumps_ip": 0.0,
    "district_heating_heat_rejection_ip": 0.0,
    "district_heating_humidification_ip": 0.0,
    "district_heating_heat_recovery_ip": 0.0,
    "district_heating_water_systems_ip": 0.0,
    "district_heating_refrigeration_ip": 0.0,
    "district_heating_generators_ip": 0.0,
    "district_heating_ip": 0.0,
    "water_heating_ip": 0.0,
    "water_cooling_ip": 0.0,
    "water_interior_lighting_ip": 0.0,
    "water_exterior_lighting_ip": 0.0,
    "water_interior_equipment_ip": 0.0,
    "water_exterior_equipment_ip": 0.0,
    "water_fans_ip": 0.0,
    "water_pumps_ip": 0.0,
    "water_heat_rejection_ip": 0.0,
    "water_humidification_ip": 0.0,
    "water_heat_recovery_ip": 0.0,
    "water_water_systems_ip": 0.0,
    "water_refrigeration_ip": 0.0,
    "water_generators_ip": 0.0,
    "water_ip": 0.0,
    "typical_iead_roof_r_15_87": 9090.909090909094,
    "typical_insulated_exterior_mass_wall_r_6_62": 30540.734844605267,
    "u_0_57_shgc_0_39_dbl_ref_d_clr_6_mm_6_mm_air": 11295.888230196448,
    "gross_window_wall_ratio": 24.43,
    "gross_window_wall_ratio_conditioned": 24.43,
    "skylight_roof_ratio": 0.0,
    "space_type_large_hotel_banquet_90_1_2004": 7085.755813953498,
    "space_type_large_hotel_cafe_90_1_2004": 2010.6589147286863,
    "space_type_large_hotel_corridor_90_1_2004": 21027.131782945748,
    "space_type_large_hotel_guest_room_90_1_2004": 49648.740310077505,
    "space_type_large_hotel_kitchen_90_1_2004": 1102.2286821705436,
    "space_type_large_hotel_laundry_90_1_2004": 835.7558139534877,
    "space_type_large_hotel_lobby_90_1_2004": 13965.60077519379,
    "space_type_large_hotel_mechanical_90_1_2004": 1756.2984496124016,
    "space_type_large_hotel_retail_90_1_2004": 1550.3875968992293,
    "space_type_large_hotel_storage_90_1_2004": 1017.4418604651171,
    "exterior_lighting_total_power": 20195.23,
    "exterior_lighting_total_consumption": 3960580.5555555555,
    "large_hotel_guest_room_90_1_2004_swh": 2.4627351342708366,
    "large_hotel_kitchen_90_1_2004_swh": 2.1971884692950647,
    "large_hotel_laundry_90_1_2004_swh": 2.59681270724321,
    "inflation_approach": "Constant Dollar",
    "analysis_length": 25,
    "annual_peak_electric_demand": 520.21624,
    "first_year_capital_cost": 0.0,
    "annual_utility_cost": 162078.11,
    "total_lifecycle_cost": 2840258.75,
    "applicable": true
  }
}