<measure>
  <schema_version>3.0</schema_version>
  <name>aedg_small_to_medium_office_interior_finishes</name>
  <uid>d426daf2-995d-4c76-bec4-4b34e7ae2f38</uid>
  <version_id>10ac99e9-d9f5-45d1-a36f-030b13ebb90d</version_id>
  <version_modified>20180705T145959Z</version_modified>
  <xml_checksum>1E963D9C</xml_checksum>
  <class_name>AedgSmallToMediumOfficeInteriorFinishes</class_name>
  <display_name>AedgSmallToMediumOfficeInteriorFinishes</display_name>
  <description>This measure will adjust the visible reflectance of materials used on interior building surfaces. Different target values will be set for floors, ceilings, and furniture/interior partition surfaces.</description>
  <modeler_description>While the AEDG guide recommends unique wall reflectance targets above and below 7', the measure will use the 7' target on all interior walls. Cost was not included as part of this measure as there likely isn't a significant cost impact to lighter finishes. This measure will treat interior partition surfaces as furniture. The measure will only enhance reflectance. If a material already exceeds the target it will be left alone. Optionally you can also lower selected interior partition surfaces to 36".</modeler_description>
  <arguments>
    <argument>
      <name>object</name>
      <display_name>Only Check/Alter Interior Partition Surfaces To Meet Furniture Target When They Use This Construction.</display_name>
      <type>Choice</type>
      <required>true</required>
      <model_dependent>false</model_dependent>
      <default_value>*All Interior Partition Surfaces*</default_value>
      <choices>
        <choice>
          <value>{4daa4696-c671-4833-b0f6-b94c14482fd6}</value>
          <display_name>*All Interior Partition Surfaces*</display_name>
        </choice>
      </choices>
    </argument>
    <argument>
      <name>lowerPartitions</name>
      <display_name>Lower Height of Interior Partition Surfaces?</display_name>
      <type>Boolean</type>
      <required>true</required>
      <model_dependent>false</model_dependent>
      <default_value>true</default_value>
      <choices>
        <choice>
          <value>true</value>
          <display_name>true</display_name>
        </choice>
        <choice>
          <value>false</value>
          <display_name>false</display_name>
        </choice>
      </choices>
    </argument>
  </arguments>
  <outputs/>
  <provenances/>
  <tags>
    <tag>Envelope.Opaque</tag>
  </tags>
  <attributes>
    <attribute>
      <name>Measure Type</name>
      <value>ModelMeasure</value>
      <datatype>string</datatype>
    </attribute>
    <attribute>
      <name>Uses SketchUp API</name>
      <value>false</value>
      <datatype>boolean</datatype>
    </attribute>
  </attributes>
  <files>
    <file>
      <filename>0213_SimpleSchool_f_124_dev.osm</filename>
      <filetype>osm</filetype>
      <usage_type>test</usage_type>
      <checksum>61F73729</checksum>
    </file>
    <file>
      <filename>OsLib_AedgMeasures.rb</filename>
      <filetype>rb</filetype>
      <usage_type>resource</usage_type>
      <checksum>E5173D1E</checksum>
    </file>
    <file>
      <filename>AedgSmallToMediumOfficeInteriorFinishes_Test.rb</filename>
      <filetype>rb</filetype>
      <usage_type>test</usage_type>
      <checksum>CE0E3501</checksum>
    </file>
    <file>
      <filename>LICENSE.md</filename>
      <filetype>md</filetype>
      <usage_type>license</usage_type>
      <checksum>9640B6CB</checksum>
    </file>
    <file>
      <filename>README.md.erb</filename>
      <filetype>erb</filetype>
      <usage_type>readmeerb</usage_type>
      <checksum>703C9964</checksum>
    </file>
    <file>
      <filename>README.md</filename>
      <filetype>md</filetype>
      <usage_type>readme</usage_type>
      <checksum>326F488E</checksum>
    </file>
    <file>
      <version>
        <software_program>OpenStudio</software_program>
        <identifier>2.0.0</identifier>
        <min_compatible>2.0.0</min_compatible>
      </version>
      <filename>measure.rb</filename>
      <filetype>rb</filetype>
      <usage_type>script</usage_type>
      <checksum>882FF735</checksum>
    </file>
    <file>
      <filename>os_lib_constructions.rb</filename>
      <filetype>rb</filetype>
      <usage_type>resource</usage_type>
      <checksum>B24DDC22</checksum>
    </file>
    <file>
      <filename>os_lib_geometry.rb</filename>
      <filetype>rb</filetype>
      <usage_type>resource</usage_type>
      <checksum>3D17299B</checksum>
    </file>
    <file>
      <filename>os_lib_helper_methods.rb</filename>
      <filetype>rb</filetype>
      <usage_type>resource</usage_type>
      <checksum>9CFC43FB</checksum>
    </file>
  </files>
</measure>
