<?xml version="1.0"?>
<measure>
  <schema_version>3.0</schema_version>
  <name>zedgk_12_exterior_wall_construction</name>
  <uid>39d1c328-0bbb-40ee-a18c-ba977b462a11</uid>
  <version_id>2c9b37f4-43ff-4c5f-9eb2-e6518e33011c</version_id>
  <version_modified>20200401T014101Z</version_modified>
  <xml_checksum>5091078B</xml_checksum>
  <class_name>ZEDGK12ExteriorWallConstruction</class_name>
  <display_name>ZEDG K12 ExteriorWallConstruction</display_name>
  <description>This measure will modify existing exterior wall insulation levels based on construction type and climate zone. The climate zone should be set in the model prior to using this measure. For steel and wood framed walls, insulation will be added to the exterior of the construction. </description>
  <modeler_description>Insulation recomendations are based on steel framed exterior walls.
  </modeler_description>
  <arguments>
    <argument>
      <name>material_cost_insulation_increase_ip</name>
      <display_name>Increase Cost per Area of Construction Where Insulation was Improved ($/ft^2).</display_name>
      <type>Double</type>
      <required>true</required>
      <model_dependent>false</model_dependent>
      <default_value>0</default_value>
    </argument>
  </arguments>
  <outputs />
  <provenances />
  <tags>
    <tag>Envelope.Opaque</tag>
  </tags>
  <attributes>
    <attribute>
      <name>Uses SketchUp API</name>
      <value>false</value>
      <datatype>boolean</datatype>
    </attribute>
    <attribute>
      <name>Measure Type</name>
      <value>ModelMeasure</value>
      <datatype>string</datatype>
    </attribute>
  </attributes>
  <files>
    <file>
      <filename>0209_SimpleSchool_c_123_dev.osm</filename>
      <filetype>osm</filetype>
      <usage_type>test</usage_type>
      <checksum>05CB14A3</checksum>
    </file>
    <file>
      <filename>secondary_school_space_attributes.osm</filename>
      <filetype>osm</filetype>
      <usage_type>test</usage_type>
      <checksum>BA907ABA</checksum>
    </file>
    <file>
      <filename>0209_SimpleSchool_c_123_dev_NoAttic.osm</filename>
      <filetype>osm</filetype>
      <usage_type>test</usage_type>
      <checksum>53FF5DBB</checksum>
    </file>
    <file>
      <filename>README.md.erb</filename>
      <filetype>erb</filetype>
      <usage_type>readmeerb</usage_type>
      <checksum>703C9964</checksum>
    </file>
    <file>
      <filename>README.md</filename>
      <filetype>md</filetype>
      <usage_type>readme</usage_type>
      <checksum>6F0B730D</checksum>
    </file>
    <file>
      <filename>k12netzero_primary_seed.osm</filename>
      <filetype>osm</filetype>
      <usage_type>test</usage_type>
      <checksum>DB2FCB07</checksum>
    </file>
    <file>
      <filename>LICENSE.md</filename>
      <filetype>md</filetype>
      <usage_type>license</usage_type>
      <checksum>E0468DD6</checksum>
    </file>
    <file>
      <filename>OsLib_AedgMeasures.rb</filename>
      <filetype>rb</filetype>
      <usage_type>resource</usage_type>
      <checksum>46CD8DD9</checksum>
    </file>
    <file>
      <filename>measure_Test.rb</filename>
      <filetype>rb</filetype>
      <usage_type>test</usage_type>
      <checksum>FF29F792</checksum>
    </file>
    <file>
      <version>
        <software_program>OpenStudio</software_program>
        <identifier>2.0.0</identifier>
        <min_compatible>2.8.0</min_compatible>
      </version>
      <filename>measure.rb</filename>
      <filetype>rb</filetype>
      <usage_type>script</usage_type>
      <checksum>CA7101C2</checksum>
    </file>
  </files>
</measure>
