<?xml version="1.0"?>
<measure>
  <schema_version>3.0</schema_version>
  <name>zedgk_12_electric_equipment</name>
  <uid>d1fc10bc-0ae1-4e1b-b1ac-67fc3923b268</uid>
  <version_id>c3374ad6-5ef9-4741-908d-f6b57998d240</version_id>
  <version_modified>20200512T201424Z</version_modified>
  <xml_checksum>8C4D4034</xml_checksum>
  <class_name>ZEDGK12ElectricEquipment</class_name>
  <display_name>ZEDG K12 ElectricEquipment</display_name>
  <description>This measure removes all existing electric equipment from spaces recognized as primary or secondary school space types. One exception is that loads assigned directly to a space where the load definition contains "Elev" or "elev" will be left alone. New electric equipment will be added based on the K12 ZEDG recommendations. Kitchen equipment won't be altered by this measure. There is a stand alone ZEDG measure specifically for the kitchen.</description>
  <modeler_description>Equipment in un-recognized spaces will be left alone. This measure will attempt to retain schedules from the initial model. If the initial model contained multiple electric equipment objects associated with multiple schedules, then one of those schedules will be picked for the new electric equipment.</modeler_description>
  <arguments>
    <argument>
      <name>material_cost_ip</name>
      <display_name>Material and Installation Costs for Electric Equipment per Floor Area ($/ft^2).</display_name>
      <type>Double</type>
      <required>true</required>
      <model_dependent>false</model_dependent>
      <default_value>0</default_value>
    </argument>
  </arguments>
  <outputs />
  <provenances />
  <tags>
    <tag>Equipment.Electric Equipment</tag>
  </tags>
  <attributes>
    <attribute>
      <name>Uses SketchUp API</name>
      <value>false</value>
      <datatype>boolean</datatype>
    </attribute>
    <attribute>
      <name>Measure Type</name>
      <value>ModelMeasure</value>
      <datatype>string</datatype>
    </attribute>
  </attributes>
  <files>
    <file>
      <filename>SecondarySchoolCustomRef_01_0228.osm</filename>
      <filetype>osm</filetype>
      <usage_type>test</usage_type>
      <checksum>FF262AB2</checksum>
    </file>
    <file>
      <filename>README.md.erb</filename>
      <filetype>erb</filetype>
      <usage_type>readmeerb</usage_type>
      <checksum>703C9964</checksum>
    </file>
    <file>
      <filename>README.md</filename>
      <filetype>md</filetype>
      <usage_type>readme</usage_type>
      <checksum>2BBFB693</checksum>
    </file>
    <file>
      <filename>LICENSE.md</filename>
      <filetype>md</filetype>
      <usage_type>license</usage_type>
      <checksum>E0468DD6</checksum>
    </file>
    <file>
      <filename>measure_Test.rb</filename>
      <filetype>rb</filetype>
      <usage_type>test</usage_type>
      <checksum>ACF8FC37</checksum>
    </file>
    <file>
      <version>
        <software_program>OpenStudio</software_program>
        <identifier>2.0.0</identifier>
        <min_compatible>2.8.0</min_compatible>
      </version>
      <filename>measure.rb</filename>
      <filetype>rb</filetype>
      <usage_type>script</usage_type>
      <checksum>69B39F80</checksum>
    </file>
    <file>
      <filename>OsLib_AedgMeasures.rb</filename>
      <filetype>rb</filetype>
      <usage_type>resource</usage_type>
      <checksum>8212825C</checksum>
    </file>
  </files>
</measure>
