<measure>
  <schema_version>3.0</schema_version>
  <name>change_building_location</name>
  <uid>d4db4971-f5ba-11e3-a3ac-0800200c9a66</uid>
  <version_id>04d1e937-c0da-4e99-b815-fca47baaeac5</version_id>
  <version_modified>20170711T201203Z</version_modified>
  <xml_checksum>057E8D9D</xml_checksum>
  <class_name>ChangeBuildingLocation</class_name>
  <display_name>ChangeBuildingLocation</display_name>
  <description>Change the building location</description>
  <modeler_description>Change the building location</modeler_description>
  <arguments>
    <argument>
      <name>weather_file_name</name>
      <display_name>Weather File Name</display_name>
      <description>Name of the weather file to change to. This is the filename with the extension (e.g. NewWeather.epw). Optionally this can inclucde the full file path, but for most use cases should just be file name.</description>
      <type>String</type>
      <required>true</required>
      <model_dependent>false</model_dependent>
    </argument>
    <argument>
      <name>climate_zone</name>
      <display_name>Climate Zone.</display_name>
      <type>Choice</type>
      <required>true</required>
      <model_dependent>false</model_dependent>
      <default_value>Lookup From Stat File</default_value>
      <choices>
        <choice>
          <value>1A</value>
          <display_name>1A</display_name>
        </choice>
        <choice>
          <value>1B</value>
          <display_name>1B</display_name>
        </choice>
        <choice>
          <value>2A</value>
          <display_name>2A</display_name>
        </choice>
        <choice>
          <value>2B</value>
          <display_name>2B</display_name>
        </choice>
        <choice>
          <value>3A</value>
          <display_name>3A</display_name>
        </choice>
        <choice>
          <value>3B</value>
          <display_name>3B</display_name>
        </choice>
        <choice>
          <value>3C</value>
          <display_name>3C</display_name>
        </choice>
        <choice>
          <value>4A</value>
          <display_name>4A</display_name>
        </choice>
        <choice>
          <value>4B</value>
          <display_name>4B</display_name>
        </choice>
        <choice>
          <value>4C</value>
          <display_name>4C</display_name>
        </choice>
        <choice>
          <value>5A</value>
          <display_name>5A</display_name>
        </choice>
        <choice>
          <value>5B</value>
          <display_name>5B</display_name>
        </choice>
        <choice>
          <value>5C</value>
          <display_name>5C</display_name>
        </choice>
        <choice>
          <value>6A</value>
          <display_name>6A</display_name>
        </choice>
        <choice>
          <value>6B</value>
          <display_name>6B</display_name>
        </choice>
        <choice>
          <value>7</value>
          <display_name>7</display_name>
        </choice>
        <choice>
          <value>8</value>
          <display_name>8</display_name>
        </choice>
        <choice>
          <value>Lookup From Stat File</value>
          <display_name>Lookup From Stat File</display_name>
        </choice>
      </choices>
    </argument>
  </arguments>
  <outputs/>
  <provenances/>
  <tags>
    <tag>Whole Building.Space Types</tag>
  </tags>
  <attributes>
    <attribute>
      <name>Measure Type</name>
      <value>ModelMeasure</value>
      <datatype>string</datatype>
    </attribute>
    <attribute>
      <name>Uses SketchUp API</name>
      <value>false</value>
      <datatype>boolean</datatype>
    </attribute>
  </attributes>
  <files>
    <file>
      <filename>another_weather_file.ddy</filename>
      <filetype>ddy</filetype>
      <usage_type>test</usage_type>
      <checksum>D6178C51</checksum>
    </file>
    <file>
      <filename>another_weather_file.epw</filename>
      <filetype>epw</filetype>
      <usage_type>test</usage_type>
      <checksum>D3B7E25B</checksum>
    </file>
    <file>
      <filename>another_weather_file.stat</filename>
      <filetype>stat</filetype>
      <usage_type>test</usage_type>
      <checksum>E8C83421</checksum>
    </file>
    <file>
      <filename>test.osm</filename>
      <filetype>osm</filetype>
      <usage_type>test</usage_type>
      <checksum>0B8479BC</checksum>
    </file>
    <file>
      <filename>USA_MA_Boston-Logan.Intl.AP.725090_TMY3.ddy</filename>
      <filetype>ddy</filetype>
      <usage_type>test</usage_type>
      <checksum>E4CBEAF0</checksum>
    </file>
    <file>
      <filename>USA_MA_Boston-Logan.Intl.AP.725090_TMY3.epw</filename>
      <filetype>epw</filetype>
      <usage_type>test</usage_type>
      <checksum>B65824C3</checksum>
    </file>
    <file>
      <filename>USA_MA_Boston-Logan.Intl.AP.725090_TMY3.stat</filename>
      <filetype>stat</filetype>
      <usage_type>test</usage_type>
      <checksum>8657DDB9</checksum>
    </file>
    <file>
      <filename>stat_file.rb</filename>
      <filetype>rb</filetype>
      <usage_type>resource</usage_type>
      <checksum>13C49A6C</checksum>
    </file>
    <file>
      <filename>multiyear.ddy</filename>
      <filetype>ddy</filetype>
      <usage_type>test</usage_type>
      <checksum>D6178C51</checksum>
    </file>
    <file>
      <filename>multiyear.epw</filename>
      <filetype>epw</filetype>
      <usage_type>test</usage_type>
      <checksum>F0A18702</checksum>
    </file>
    <file>
      <filename>multiyear.stat</filename>
      <filetype>stat</filetype>
      <usage_type>test</usage_type>
      <checksum>E715E1B9</checksum>
    </file>
    <file>
      <filename>epw.rb</filename>
      <filetype>rb</filetype>
      <usage_type>resource</usage_type>
      <checksum>32A9564D</checksum>
    </file>
    <file>
      <filename>USA_WA_Renton.Muni.AP.727934_TMY3.ddy</filename>
      <filetype>ddy</filetype>
      <usage_type>test</usage_type>
      <checksum>D2D8CDAB</checksum>
    </file>
    <file>
      <filename>USA_WA_Renton.Muni.AP.727934_TMY3.epw</filename>
      <filetype>epw</filetype>
      <usage_type>test</usage_type>
      <checksum>F6F36230</checksum>
    </file>
    <file>
      <filename>USA_WA_Renton.Muni.AP.727934_TMY3.stat</filename>
      <filetype>stat</filetype>
      <usage_type>test</usage_type>
      <checksum>7C51425E</checksum>
    </file>
    <file>
      <filename>test.osw</filename>
      <filetype>osw</filetype>
      <usage_type>test</usage_type>
      <checksum>F5FABCCF</checksum>
    </file>
    <file>
      <version>
        <software_program>OpenStudio</software_program>
        <identifier>1.3.4</identifier>
        <min_compatible>1.3.4</min_compatible>
      </version>
      <filename>measure.rb</filename>
      <filetype>rb</filetype>
      <usage_type>script</usage_type>
      <checksum>E69CBFDD</checksum>
    </file>
    <file>
      <filename>change_building_location_test.rb</filename>
      <filetype>rb</filetype>
      <usage_type>test</usage_type>
      <checksum>41755DC7</checksum>
    </file>
  </files>
</measure>
