<measure>
  <schema_version>3.0</schema_version>
  <name>create_and_assign_thermal_zones_for_unassigned_spaces</name>
  <uid>ddaa752e-5d40-49b2-88de-62e71697e614</uid>
  <version_id>627391f5-aca3-422d-9b65-432f92925668</version_id>
  <version_modified>20171027T173144Z</version_modified>
  <xml_checksum>2AF3A68E</xml_checksum>
  <class_name>CreateAndAssignThermalZonesForUnassignedSpaces</class_name>
  <display_name>Create and Assign Thermal Zones for Unassigned Spaces</display_name>
  <description>If any spaces are not part of a thermal zone, then this measure will create a new thermal zone and assign it to the space.</description>
  <modeler_description>Thermal zones will be named after the spac with a prefix added</modeler_description>
  <arguments/>
  <outputs/>
  <provenances/>
  <tags>
    <tag>Envelope.Form</tag>
  </tags>
  <attributes>
    <attribute>
      <name>Measure Type</name>
      <value>ModelMeasure</value>
      <datatype>string</datatype>
    </attribute>
    <attribute>
      <name>Intended Software Tool</name>
      <value>Apply Measure Now</value>
      <datatype>string</datatype>
    </attribute>
    <attribute>
      <name>Intended Software Tool</name>
      <value>OpenStudio Application</value>
      <datatype>string</datatype>
    </attribute>
    <attribute>
      <name>Intended Software Tool</name>
      <value>Parametric Analysis Tool</value>
      <datatype>string</datatype>
    </attribute>
  </attributes>
  <files>
    <file>
      <filename>example_model.osm</filename>
      <filetype>osm</filetype>
      <usage_type>test</usage_type>
      <checksum>53D14E69</checksum>
    </file>
    <file>
      <filename>create_and_assign_thermal_zones_for_unassigned_spaces_test.rb</filename>
      <filetype>rb</filetype>
      <usage_type>test</usage_type>
      <checksum>0FD9E82F</checksum>
    </file>
    <file>
      <version>
        <software_program>OpenStudio</software_program>
        <identifier>2.3.0</identifier>
        <min_compatible>2.3.0</min_compatible>
      </version>
      <filename>measure.rb</filename>
      <filetype>rb</filetype>
      <usage_type>script</usage_type>
      <checksum>625F4E4A</checksum>
    </file>
  </files>
</measure>
