<measure>
  <schema_version>3.0</schema_version>
  <name>zedgk_12_exterior_door_construction</name>
  <uid>11c69bb4-3bea-4a7e-8a8e-fea4b5f71a1c</uid>
  <version_id>1ecee336-c85d-49d5-9a48-967226a5cf38</version_id>
  <version_modified>20171214T170019Z</version_modified>
  <xml_checksum>5091078B</xml_checksum>
  <class_name>ZEDGK12ExteriorDoorConstruction</class_name>
  <display_name>ZEDG K12 ExteriorDoorConstruction</display_name>
  <description>This measure is intended for use on opaque doors; if doors are glass they should be treated as windows. OpenStudio does have a unique object for overhead doors versus standard doors. This measure doesn't alter infiltration. There is a separate measure for infiltration. </description>
  <modeler_description>Relevant construction types:
- Door - Swinging or NonSwinging 
- Overhead Door - Sliding
- Overhead Door - RollUp</modeler_description>
  <arguments>
    <argument>
      <name>material_cost_insulation_increase_ip</name>
      <display_name>Increase Cost per Area of Construction Where Insulation was Improved ($/ft^2).</display_name>
      <type>Double</type>
      <required>true</required>
      <model_dependent>false</model_dependent>
      <default_value>0</default_value>
    </argument>
  </arguments>
  <outputs/>
  <provenances/>
  <tags>
    <tag>Envelope.Opaque</tag>
  </tags>
  <attributes>
    <attribute>
      <name>Uses SketchUp API</name>
      <value>false</value>
      <datatype>boolean</datatype>
    </attribute>
    <attribute>
      <name>Measure Type</name>
      <value>ModelMeasure</value>
      <datatype>string</datatype>
    </attribute>
  </attributes>
  <files>
    <file>
      <filename>0218_SimpleSchool_f_123_dev.osm</filename>
      <filetype>osm</filetype>
      <usage_type>test</usage_type>
      <checksum>6BCD99F2</checksum>
    </file>
    <file>
      <filename>os_lib_constructions.rb</filename>
      <filetype>rb</filetype>
      <usage_type>resource</usage_type>
      <checksum>11B983A5</checksum>
    </file>
    <file>
      <filename>os_lib_helper_methods.rb</filename>
      <filetype>rb</filetype>
      <usage_type>resource</usage_type>
      <checksum>02263B97</checksum>
    </file>
    <file>
      <filename>measure_Test.rb</filename>
      <filetype>rb</filetype>
      <usage_type>test</usage_type>
      <checksum>A4D7CFBD</checksum>
    </file>
    <file>
      <version>
        <software_program>OpenStudio</software_program>
        <identifier>1.3.0</identifier>
        <min_compatible>1.3.0</min_compatible>
      </version>
      <filename>measure.rb</filename>
      <filetype>rb</filetype>
      <usage_type>script</usage_type>
      <checksum>D85BC849</checksum>
    </file>
    <file>
      <filename>no_doors.osm</filename>
      <filetype>osm</filetype>
      <usage_type>test</usage_type>
      <checksum>81C4639F</checksum>
    </file>
    <file>
      <filename>OsLib_AedgMeasures.rb</filename>
      <filetype>rb</filetype>
      <usage_type>resource</usage_type>
      <checksum>F37142C9</checksum>
    </file>
  </files>
</measure>
