<?xml version="1.0"?>
<measure>
  <schema_version>3.0</schema_version>
  <name>zedgk_12_exterior_door_construction</name>
  <uid>11c69bb4-3bea-4a7e-8a8e-fea4b5f71a1c</uid>
  <version_id>322f37c3-7df7-4086-aacf-149e6c59505e</version_id>
  <version_modified>20200401T014102Z</version_modified>
  <xml_checksum>5091078B</xml_checksum>
  <class_name>ZEDGK12ExteriorDoorConstruction</class_name>
  <display_name>ZEDG K12 ExteriorDoorConstruction</display_name>
  <description>This measure is intended for use on opaque doors; if doors are glass they should be treated as windows. OpenStudio does have a unique object for overhead doors versus standard doors. This measure doesn't alter infiltration. There is a separate measure for infiltration. </description>
  <modeler_description>Relevant construction types:
- Door - Swinging or NonSwinging 
- Overhead Door - Sliding
- Overhead Door - RollUp</modeler_description>
  <arguments>
    <argument>
      <name>material_cost_insulation_increase_ip</name>
      <display_name>Increase Cost per Area of Construction Where Insulation was Improved ($/ft^2).</display_name>
      <type>Double</type>
      <required>true</required>
      <model_dependent>false</model_dependent>
      <default_value>0</default_value>
    </argument>
  </arguments>
  <outputs />
  <provenances />
  <tags>
    <tag>Envelope.Opaque</tag>
  </tags>
  <attributes>
    <attribute>
      <name>Uses SketchUp API</name>
      <value>false</value>
      <datatype>boolean</datatype>
    </attribute>
    <attribute>
      <name>Measure Type</name>
      <value>ModelMeasure</value>
      <datatype>string</datatype>
    </attribute>
  </attributes>
  <files>
    <file>
      <filename>0218_SimpleSchool_f_123_dev.osm</filename>
      <filetype>osm</filetype>
      <usage_type>test</usage_type>
      <checksum>6BCD99F2</checksum>
    </file>
    <file>
      <filename>no_doors.osm</filename>
      <filetype>osm</filetype>
      <usage_type>test</usage_type>
      <checksum>81C4639F</checksum>
    </file>
    <file>
      <filename>README.md.erb</filename>
      <filetype>erb</filetype>
      <usage_type>readmeerb</usage_type>
      <checksum>703C9964</checksum>
    </file>
    <file>
      <filename>README.md</filename>
      <filetype>md</filetype>
      <usage_type>readme</usage_type>
      <checksum>A6898E8A</checksum>
    </file>
    <file>
      <filename>LICENSE.md</filename>
      <filetype>md</filetype>
      <usage_type>license</usage_type>
      <checksum>E0468DD6</checksum>
    </file>
    <file>
      <filename>OsLib_AedgMeasures.rb</filename>
      <filetype>rb</filetype>
      <usage_type>resource</usage_type>
      <checksum>EDB45706</checksum>
    </file>
    <file>
      <filename>measure_Test.rb</filename>
      <filetype>rb</filetype>
      <usage_type>test</usage_type>
      <checksum>6270D702</checksum>
    </file>
    <file>
      <version>
        <software_program>OpenStudio</software_program>
        <identifier>2.0.0</identifier>
        <min_compatible>2.8.0</min_compatible>
      </version>
      <filename>measure.rb</filename>
      <filetype>rb</filetype>
      <usage_type>script</usage_type>
      <checksum>1CAEEE79</checksum>
    </file>
  </files>
</measure>
