<?xml version="1.0"?>
<measure>
  <schema_version>3.0</schema_version>
  <name>zedg_k_12_hvac_fan_coil_doas_air_cooled_chiller</name>
  <uid>33ed4338-5e86-415f-8df0-87e32e413711</uid>
  <version_id>df5a2b03-1c24-4b76-974e-7430a3c0a65c</version_id>
  <version_modified>20200512T201424Z</version_modified>
  <xml_checksum>87BA8B1E</xml_checksum>
  <class_name>ZedgK12HvacFanCoilDoasAirCooledChiller</class_name>
  <display_name>ZEDG K12 HVAC Fan Coil DOAS Air Cooled Chiller</display_name>
  <description>Measure replaces existing HVAC system (if any) with a Fan Coil with DOAS HVAC with air cooled Chiller system (one DOAS per floor).  </description>
  <modeler_description>The fan coil with DOAS system (centralized DOAS, with zone level conditioning) is applied to all space types except Cafeteria, Kitchen, Gym, and Auditorium; packaged single zone equipment is applied to those zones.  In select cases, the user is given the option to preserve existing HVAC schedules.  In other cases, new schedules are generated that align with ZEDG recommendations. Air handler with chiller, gas-fired boiler and DOAS is a widely used HVAC system in schools and was thus included in the analysis. An air-cooled chiller was preferred over a water-cooled chiller by the project committee. The main reason being the later has maintenance issues which school districts want to avoid due to shortage of funds and personnel.</modeler_description>
  <arguments>
    <argument>
      <name>ceilingReturnPlenumSpaceType</name>
      <display_name>This space type should be part of a ceiling return air plenum.</display_name>
      <type>Choice</type>
      <required>false</required>
      <model_dependent>false</model_dependent>
    </argument>
    <argument>
      <name>costTotalHVACSystem</name>
      <display_name>Total Cost for HVAC System ($).</display_name>
      <type>Double</type>
      <required>true</required>
      <model_dependent>false</model_dependent>
      <default_value>0</default_value>
    </argument>
    <argument>
      <name>remake_schedules</name>
      <display_name>Apply recommended availability and ventilation schedules for air handlers?</display_name>
      <type>Boolean</type>
      <required>true</required>
      <model_dependent>false</model_dependent>
      <default_value>true</default_value>
      <choices>
        <choice>
          <value>true</value>
          <display_name>true</display_name>
        </choice>
        <choice>
          <value>false</value>
          <display_name>false</display_name>
        </choice>
      </choices>
    </argument>
  </arguments>
  <outputs />
  <provenances />
  <tags>
    <tag>HVAC.Whole System</tag>
  </tags>
  <attributes>
    <attribute>
      <name>Uses SketchUp API</name>
      <value>false</value>
      <datatype>boolean</datatype>
    </attribute>
    <attribute>
      <name>Measure Type</name>
      <value>ModelMeasure</value>
      <datatype>string</datatype>
    </attribute>
  </attributes>
  <files>
    <file>
      <filename>AEDG_HVAC_GenericTestModel_0225_a.osm</filename>
      <filetype>osm</filetype>
      <usage_type>test</usage_type>
      <checksum>5594F322</checksum>
    </file>
    <file>
      <filename>SecondarySchoolCustomRef_01_0228.osm</filename>
      <filetype>osm</filetype>
      <usage_type>test</usage_type>
      <checksum>07080433</checksum>
    </file>
    <file>
      <filename>README.md.erb</filename>
      <filetype>erb</filetype>
      <usage_type>readmeerb</usage_type>
      <checksum>703C9964</checksum>
    </file>
    <file>
      <filename>README.md</filename>
      <filetype>md</filetype>
      <usage_type>readme</usage_type>
      <checksum>D6EA5653</checksum>
    </file>
    <file>
      <filename>LICENSE.md</filename>
      <filetype>md</filetype>
      <usage_type>license</usage_type>
      <checksum>E0468DD6</checksum>
    </file>
    <file>
      <filename>OsLib_AedgMeasures.rb</filename>
      <filetype>rb</filetype>
      <usage_type>resource</usage_type>
      <checksum>EDB45706</checksum>
    </file>
    <file>
      <filename>measure_Test.rb</filename>
      <filetype>rb</filetype>
      <usage_type>test</usage_type>
      <checksum>4DCA9FFC</checksum>
    </file>
    <file>
      <version>
        <software_program>OpenStudio</software_program>
        <identifier>2.0.0</identifier>
        <min_compatible>2.8.0</min_compatible>
      </version>
      <filename>measure.rb</filename>
      <filetype>rb</filetype>
      <usage_type>script</usage_type>
      <checksum>CB5DE1A7</checksum>
    </file>
    <file>
      <filename>OsLib_HVAC_zedg_fan_coil_air_cooled.rb</filename>
      <filetype>rb</filetype>
      <usage_type>resource</usage_type>
      <checksum>02C266F1</checksum>
    </file>
  </files>
</measure>
