<?xml version="1.0"?>
<measure>
  <schema_version>3.0</schema_version>
  <name>aedg_small_to_medium_office_fenestration_and_daylighting_controls</name>
  <uid>4252d6c7-ccd5-4cae-b55e-8d7b1dfcc717</uid>
  <version_id>2f399b6f-ba26-44d2-a649-cb25f90f9e4e</version_id>
  <version_modified>20200512T201425Z</version_modified>
  <xml_checksum>6FAFA9DE</xml_checksum>
  <class_name>AedgSmallToMediumOfficeFenestrationAndDaylightingControls</class_name>
  <display_name>AedgSmallToMediumOfficeFenestrationAndDaylightingControls</display_name>
  <description>This measure will remove all existing exterior windows, glass doors, and skylights from your model. They will be replaced with view and daylight windows as recommended by the Small to Medium Office AEDG recommendations. Windows on the south facade will have a exterior shading or light shelf surfaces depending on if they are view or daylight windows. East and west view windows will have internal shading controls. In spaces with daylighting controls daylight sensor will be added. The modeler should inspect where the sensors were placed, the recommended illuminance setpoint, and the fraction of the zones lighting controlled by the sensor.</description>
  <modeler_description>This measure is intended for use in models created form space types defined in the office building types. Fenestration will be added to all spaces with exterior walls except for spaces not included in the floor area. This should include attic and plenum spaces. Daylighting will only be added to north and south facades. North and south facades can be +/- 30 degrees of north and south. East and west facades will only receive view windows. The daylight sensor's depth in from the wall will typically be the same as the height of the wall that the daylight windows is on. This depth is also what is used to calculate the daylight fraction of the space. In spaces that are non convex, such as an L shaped space, we may not be able to place a sensor, if that happens a warning will be issued.</modeler_description>
  <arguments>
    <argument>
      <name>cost_daylight_glazing</name>
      <display_name>Cost per Area for Proposed Daylighting Window Constructions ($/ft^2).</display_name>
      <type>Double</type>
      <required>true</required>
      <model_dependent>false</model_dependent>
      <default_value>0</default_value>
    </argument>
    <argument>
      <name>cost_view_glazing</name>
      <display_name>Cost per Area for Proposed View Window Constructions ($/ft^2).</display_name>
      <type>Double</type>
      <required>true</required>
      <model_dependent>false</model_dependent>
      <default_value>0</default_value>
    </argument>
    <argument>
      <name>cost_skylight</name>
      <display_name>Cost per Area for Proposed Skylight Construction ($/ft^2).</display_name>
      <type>Double</type>
      <required>true</required>
      <model_dependent>false</model_dependent>
      <default_value>0</default_value>
    </argument>
    <argument>
      <name>cost_shading_surface</name>
      <display_name>Cost per Area for Proposed Exterior Shading Surface Construction ($/ft^2).</display_name>
      <type>Double</type>
      <required>true</required>
      <model_dependent>false</model_dependent>
      <default_value>0</default_value>
    </argument>
    <argument>
      <name>cost_light_shelf</name>
      <display_name>Cost per Area for Proposed Light Shelf Construction ($/ft^2).</display_name>
      <type>Double</type>
      <required>true</required>
      <model_dependent>false</model_dependent>
      <default_value>0</default_value>
    </argument>
  </arguments>
  <outputs />
  <provenances />
  <tags>
    <tag>Envelope.Fenestration</tag>
  </tags>
  <attributes>
    <attribute>
      <name>Measure Type</name>
      <value>ModelMeasure</value>
      <datatype>string</datatype>
    </attribute>
    <attribute>
      <name>Uses SketchUp API</name>
      <value>false</value>
      <datatype>boolean</datatype>
    </attribute>
  </attributes>
  <files>
    <file>
      <filename>BasicOfficeWithOnePlenumFloor.osm</filename>
      <filetype>osm</filetype>
      <usage_type>test</usage_type>
      <checksum>00CA6E96</checksum>
    </file>
    <file>
      <filename>README.md.erb</filename>
      <filetype>erb</filetype>
      <usage_type>readmeerb</usage_type>
      <checksum>703C9964</checksum>
    </file>
    <file>
      <filename>README.md</filename>
      <filetype>md</filetype>
      <usage_type>readme</usage_type>
      <checksum>7E1CCC62</checksum>
    </file>
    <file>
      <filename>AedgSmallToMediumOfficeFenestrationAndDaylightingControls_Test.rb</filename>
      <filetype>rb</filetype>
      <usage_type>test</usage_type>
      <checksum>A413FFEA</checksum>
    </file>
    <file>
      <filename>LICENSE.md</filename>
      <filetype>md</filetype>
      <usage_type>license</usage_type>
      <checksum>E0468DD6</checksum>
    </file>
    <file>
      <version>
        <software_program>OpenStudio</software_program>
        <identifier>2.0.0</identifier>
        <min_compatible>2.8.0</min_compatible>
      </version>
      <filename>measure.rb</filename>
      <filetype>rb</filetype>
      <usage_type>script</usage_type>
      <checksum>8A5A5C4D</checksum>
    </file>
    <file>
      <filename>OsLib_AedgMeasures.rb</filename>
      <filetype>rb</filetype>
      <usage_type>resource</usage_type>
      <checksum>F1FB3610</checksum>
    </file>
  </files>
</measure>
