<measure>
  <schema_version>3.0</schema_version>
  <name>zedgk_12_fenestration_and_daylighting_controls</name>
  <uid>eb3bfd3d-64b6-4a9f-857d-3dd8a7becec5</uid>
  <version_id>8c076613-5e5d-4c39-b1ed-669418e2fd33</version_id>
  <version_modified>20181005T172019Z</version_modified>
  <xml_checksum>7D3EA3A9</xml_checksum>
  <class_name>ZEDGK12FenestrationAndDaylightingControls</class_name>
  <display_name>ZEDG K12 - Fenestration and Daylighting Controls</display_name>
  <description>This measure will remove all existing exterior windows, glass doors, and skylights from your model. They will be replaced with view and daylight windows as recommended by the Net Zero K12 recommendations. Windows on the south facade will have a exterior shading or light shelf surfaces depending on if they are view or daylight windows. East and west view windows will have internal shading controls. In spaces with daylighting controls daylight sensors will be added. The modeler should inspect where the sensors were placed, the recommended illuminance setpoint, and the fraction of the zones lighting controlled by the sensor.</description>
  <modeler_description>This measure is intended for use in models created form space types defined in the primary and secondary building types. Other space types used in the model will not receive any new fenestration, however fenestration will be removed from all space types. Attic and plenum spaces will not receive any new fenestration. Daylighting will only be added to north and south facades. North and south facades can be +/- 30 degrees of north and south. East and west facades will only receive view windows. Mechanical rooms won't relieve any view or daylight windows. Kitchens and Restrooms wont' receive any view windows. Toplighting will not be added. In sidelit spaces the sensor's depth in from the wall will typically be the same as the height of the wall that the daylight windows is on. This depth is also what is used to calculate the daylight fraction of the space. In spaces that are non convex, such as an L shaped space, we may not be able to place a sensor, if that happens a warning will be issued.</modeler_description>
  <arguments>
    <argument>
      <name>cost_daylight_glazing</name>
      <display_name>Cost per Area for Proposed Daylighting Window Constructions ($/ft^2).</display_name>
      <type>Double</type>
      <required>true</required>
      <model_dependent>false</model_dependent>
      <default_value>0</default_value>
    </argument>
    <argument>
      <name>cost_view_glazing</name>
      <display_name>Cost per Area for Proposed View Window Constructions ($/ft^2).</display_name>
      <type>Double</type>
      <required>true</required>
      <model_dependent>false</model_dependent>
      <default_value>0</default_value>
    </argument>
    <argument>
      <name>cost_shading_surface</name>
      <display_name>Cost per Area for Proposed Exterior Shading Surface Construction ($/ft^2).</display_name>
      <type>Double</type>
      <required>true</required>
      <model_dependent>false</model_dependent>
      <default_value>0</default_value>
    </argument>
    <argument>
      <name>cost_light_shelf</name>
      <display_name>Cost per Area for Proposed Light Shelf Construction ($/ft^2).</display_name>
      <type>Double</type>
      <required>true</required>
      <model_dependent>false</model_dependent>
      <default_value>0</default_value>
    </argument>
  </arguments>
  <outputs/>
  <provenances/>
  <tags>
    <tag>Envelope.Fenestration</tag>
  </tags>
  <attributes>
    <attribute>
      <name>Uses SketchUp API</name>
      <value>false</value>
      <datatype>boolean</datatype>
    </attribute>
    <attribute>
      <name>Measure Type</name>
      <value>ModelMeasure</value>
      <datatype>string</datatype>
    </attribute>
  </attributes>
  <files>
    <file>
      <filename>SecondarySchoolCustomRef_01_0228.osm</filename>
      <filetype>osm</filetype>
      <usage_type>test</usage_type>
      <checksum>3E42FA7D</checksum>
    </file>
    <file>
      <filename>measure_Test.rb</filename>
      <filetype>rb</filetype>
      <usage_type>test</usage_type>
      <checksum>1B88BAEE</checksum>
    </file>
    <file>
      <filename>OsLib_AedgMeasures.rb</filename>
      <filetype>rb</filetype>
      <usage_type>resource</usage_type>
      <checksum>810AEA77</checksum>
    </file>
    <file>
      <version>
        <software_program>OpenStudio</software_program>
        <identifier>2.0.0</identifier>
        <min_compatible>2.0.0</min_compatible>
      </version>
      <filename>measure.rb</filename>
      <filetype>rb</filetype>
      <usage_type>script</usage_type>
      <checksum>EA5088EB</checksum>
    </file>
    <file>
      <filename>os_lib_constructions.rb</filename>
      <filetype>rb</filetype>
      <usage_type>resource</usage_type>
      <checksum>B24DDC22</checksum>
    </file>
    <file>
      <filename>os_lib_geometry.rb</filename>
      <filetype>rb</filetype>
      <usage_type>resource</usage_type>
      <checksum>3D17299B</checksum>
    </file>
    <file>
      <filename>os_lib_helper_methods.rb</filename>
      <filetype>rb</filetype>
      <usage_type>resource</usage_type>
      <checksum>9CFC43FB</checksum>
    </file>
    <file>
      <filename>os_lib_lighting_and_equipment.rb</filename>
      <filetype>rb</filetype>
      <usage_type>resource</usage_type>
      <checksum>E63C7739</checksum>
    </file>
    <file>
      <filename>os_lib_outdoorair_and_infiltration.rb</filename>
      <filetype>rb</filetype>
      <usage_type>resource</usage_type>
      <checksum>EDB9B44D</checksum>
    </file>
    <file>
      <filename>os_lib_schedules.rb</filename>
      <filetype>rb</filetype>
      <usage_type>resource</usage_type>
      <checksum>5F1CEF3A</checksum>
    </file>
    <file>
      <filename>LICENSE.md</filename>
      <filetype>md</filetype>
      <usage_type>license</usage_type>
      <checksum>9640B6CB</checksum>
    </file>
    <file>
      <filename>README.md.erb</filename>
      <filetype>erb</filetype>
      <usage_type>readmeerb</usage_type>
      <checksum>703C9964</checksum>
    </file>
    <file>
      <filename>README.md</filename>
      <filetype>md</filetype>
      <usage_type>readme</usage_type>
      <checksum>3C648083</checksum>
    </file>
  </files>
</measure>
