<measure>
  <schema_version>3.0</schema_version>
  <name>aedg_small_to_medium_office_exterior_door_construction</name>
  <uid>d9dd27f7-d622-4d85-96e4-c09fcd15603c</uid>
  <version_id>c5b46a54-edc9-4ddf-9f51-f96122d031c2</version_id>
  <version_modified>20180705T145958Z</version_modified>
  <xml_checksum>1E963D9C</xml_checksum>
  <class_name>AedgSmallToMediumOfficeExteriorDoorConstruction</class_name>
  <display_name>AedgSmallToMediumOfficeExteriorDoorConstruction</display_name>
  <description>This measure is intended for use on opaque doors; if doors are glass they should be treated as windows. OpenStudio does have a unique object for overhead doors versus standard doors. This measure doesn't alter infiltration. There is a separate measure for infiltration that includes user arguments for primary entry points. </description>
  <modeler_description>Relevant construction types:&#xd;&#xd;&#xd;&#xd;&#xd;
- Door - Swinging or NonSwinging &#xd;&#xd;&#xd;&#xd;&#xd;
- Overhead Door - Sliding &#xd;&#xd;&#xd;&#xd;&#xd;
- Overhead Door - RollUp</modeler_description>
  <arguments>
    <argument>
      <name>material_cost_insulation_increase_ip</name>
      <display_name>Increase Cost per Area of Construction Where Insulation was Improved ($/ft^2).</display_name>
      <type>Double</type>
      <required>true</required>
      <model_dependent>false</model_dependent>
      <default_value>0</default_value>
    </argument>
  </arguments>
  <outputs/>
  <provenances/>
  <tags>
    <tag>Envelope.Opaque</tag>
  </tags>
  <attributes>
    <attribute>
      <name>Measure Type</name>
      <value>ModelMeasure</value>
      <datatype>string</datatype>
    </attribute>
    <attribute>
      <name>Uses SketchUp API</name>
      <value>false</value>
      <datatype>boolean</datatype>
    </attribute>
  </attributes>
  <files>
    <file>
      <filename>0218_SimpleSchool_f_123_dev.osm</filename>
      <filetype>osm</filetype>
      <usage_type>test</usage_type>
      <checksum>6BCD99F2</checksum>
    </file>
    <file>
      <filename>OsLib_AedgMeasures.rb</filename>
      <filetype>rb</filetype>
      <usage_type>resource</usage_type>
      <checksum>E5173D1E</checksum>
    </file>
    <file>
      <filename>AedgSmallToMediumOfficeExteriorDoorConstruction_Test.rb</filename>
      <filetype>rb</filetype>
      <usage_type>test</usage_type>
      <checksum>78F92737</checksum>
    </file>
    <file>
      <filename>LICENSE.md</filename>
      <filetype>md</filetype>
      <usage_type>license</usage_type>
      <checksum>9640B6CB</checksum>
    </file>
    <file>
      <filename>README.md.erb</filename>
      <filetype>erb</filetype>
      <usage_type>readmeerb</usage_type>
      <checksum>703C9964</checksum>
    </file>
    <file>
      <filename>README.md</filename>
      <filetype>md</filetype>
      <usage_type>readme</usage_type>
      <checksum>D8E990BE</checksum>
    </file>
    <file>
      <version>
        <software_program>OpenStudio</software_program>
        <identifier>2.0.0</identifier>
        <min_compatible>2.0.0</min_compatible>
      </version>
      <filename>measure.rb</filename>
      <filetype>rb</filetype>
      <usage_type>script</usage_type>
      <checksum>EE043B72</checksum>
    </file>
    <file>
      <filename>os_lib_constructions.rb</filename>
      <filetype>rb</filetype>
      <usage_type>resource</usage_type>
      <checksum>B24DDC22</checksum>
    </file>
    <file>
      <filename>os_lib_helper_methods.rb</filename>
      <filetype>rb</filetype>
      <usage_type>resource</usage_type>
      <checksum>9CFC43FB</checksum>
    </file>
  </files>
</measure>
