<?xml version="1.0"?>
<measure>
  <schema_version>3.0</schema_version>
  <name>view_model</name>
  <uid>f4669f10-fda5-489d-8e1c-7ca3c2d40378</uid>
  <version_id>ef12e9ee-4f4d-4347-8044-e604270d1cac</version_id>
  <version_modified>20200623T192453Z</version_modified>
  <xml_checksum>1E1F8B97</xml_checksum>
  <class_name>ViewModel</class_name>
  <display_name>ViewModel</display_name>
  <description>Visualize an OpenStudio model in a web based viewer</description>
  <modeler_description>Converts the OpenStudio model to vA3C JSON format and renders using Three.js</modeler_description>
  <arguments />
  <outputs />
  <provenances />
  <tags>
    <tag>Reporting.QAQC</tag>
  </tags>
  <attributes>
    <attribute>
      <name>Measure Type</name>
      <value>ModelMeasure</value>
      <datatype>string</datatype>
    </attribute>
    <attribute>
      <name>Uses SketchUp API</name>
      <value>false</value>
      <datatype>boolean</datatype>
    </attribute>
  </attributes>
  <files>
    <file>
      <filename>SimpleModel.osm</filename>
      <filetype>osm</filetype>
      <usage_type>test</usage_type>
      <checksum>AC094EF8</checksum>
    </file>
    <file>
      <filename>ExampleModel.osm</filename>
      <filetype>osm</filetype>
      <usage_type>test</usage_type>
      <checksum>10636DB9</checksum>
    </file>
    <file>
      <filename>report.html.in</filename>
      <filetype>in</filetype>
      <usage_type>resource</usage_type>
      <checksum>61B6B47E</checksum>
    </file>
    <file>
      <filename>RotationTest.osm</filename>
      <filetype>osm</filetype>
      <usage_type>test</usage_type>
      <checksum>B313B958</checksum>
    </file>
    <file>
      <filename>va3c.rb</filename>
      <filetype>rb</filetype>
      <usage_type>resource</usage_type>
      <checksum>0036EE13</checksum>
    </file>
    <file>
      <version>
        <software_program>OpenStudio</software_program>
        <identifier>1.6.3</identifier>
        <min_compatible>1.6.3</min_compatible>
      </version>
      <filename>measure.rb</filename>
      <filetype>rb</filetype>
      <usage_type>script</usage_type>
      <checksum>0DF8EDD5</checksum>
    </file>
    <file>
      <filename>ViewModel_Test.rb</filename>
      <filetype>rb</filetype>
      <usage_type>test</usage_type>
      <checksum>986045B1</checksum>
    </file>
    <file>
      <filename>LICENSE.md</filename>
      <filetype>md</filetype>
      <usage_type>license</usage_type>
      <checksum>E0468DD6</checksum>
    </file>
    <file>
      <filename>README.md.erb</filename>
      <filetype>erb</filetype>
      <usage_type>readmeerb</usage_type>
      <checksum>703C9964</checksum>
    </file>
    <file>
      <filename>README.md</filename>
      <filetype>md</filetype>
      <usage_type>readme</usage_type>
      <checksum>AF845B1C</checksum>
    </file>
  </files>
</measure>
