<?xml version="1.0"?>
<measure>
  <schema_version>3.0</schema_version>
  <name>openstudio_results</name>
  <uid>a25386cd-60e4-46bc-8b11-c755f379d916</uid>
  <version_id>f0fd2916-1c52-4c78-bf00-25b7c5e5ca3a</version_id>
  <version_modified>20201001T065500Z</version_modified>
  <xml_checksum>557BF06F</xml_checksum>
  <class_name>OpenStudioResults</class_name>
  <display_name>OpenStudio Results</display_name>
  <description>This measure creates high level tables and charts pulling both from model inputs and EnergyPlus results. It has building level information as well as detail on space types, thermal zones, HVAC systems, envelope characteristics, and economics. Click the heading above a chart to view a table of the chart data.</description>
  <modeler_description>For the most part consumption data comes from the tabular EnergyPlus results, however there are a few requests added for time series results. Space type and loop details come from the OpenStudio model. The code for this is modular, making it easy to use as a template for your own custom reports. The structure of the report uses bootstrap, and the graphs use dimple js. The new measure warning section will show warnings generated by upstream measures. It will not show forward translation warnings, EnergyPlus warnings, or warnings that might be reported by this measure.</modeler_description>
  <arguments>
    <argument>
      <name>units</name>
      <display_name>Which Unit System do you want to use?</display_name>
      <type>Choice</type>
      <required>true</required>
      <model_dependent>false</model_dependent>
      <default_value>IP</default_value>
      <choices>
        <choice>
          <value>IP</value>
          <display_name>IP</display_name>
        </choice>
        <choice>
          <value>SI</value>
          <display_name>SI</display_name>
        </choice>
      </choices>
    </argument>
    <argument>
      <name>building_summary_section</name>
      <display_name>Model Summary</display_name>
      <type>Boolean</type>
      <required>true</required>
      <model_dependent>false</model_dependent>
      <default_value>true</default_value>
      <choices>
        <choice>
          <value>true</value>
          <display_name>true</display_name>
        </choice>
        <choice>
          <value>false</value>
          <display_name>false</display_name>
        </choice>
      </choices>
    </argument>
    <argument>
      <name>annual_overview_section</name>
      <display_name>Annual Overview</display_name>
      <type>Boolean</type>
      <required>true</required>
      <model_dependent>false</model_dependent>
      <default_value>true</default_value>
      <choices>
        <choice>
          <value>true</value>
          <display_name>true</display_name>
        </choice>
        <choice>
          <value>false</value>
          <display_name>false</display_name>
        </choice>
      </choices>
    </argument>
    <argument>
      <name>monthly_overview_section</name>
      <display_name>Monthly Overview</display_name>
      <type>Boolean</type>
      <required>true</required>
      <model_dependent>false</model_dependent>
      <default_value>true</default_value>
      <choices>
        <choice>
          <value>true</value>
          <display_name>true</display_name>
        </choice>
        <choice>
          <value>false</value>
          <display_name>false</display_name>
        </choice>
      </choices>
    </argument>
    <argument>
      <name>utility_bills_rates_section</name>
      <display_name>Utility Bills/Rates</display_name>
      <type>Boolean</type>
      <required>true</required>
      <model_dependent>false</model_dependent>
      <default_value>true</default_value>
      <choices>
        <choice>
          <value>true</value>
          <display_name>true</display_name>
        </choice>
        <choice>
          <value>false</value>
          <display_name>false</display_name>
        </choice>
      </choices>
    </argument>
    <argument>
      <name>envelope_section_section</name>
      <display_name>Envelope Summary</display_name>
      <type>Boolean</type>
      <required>true</required>
      <model_dependent>false</model_dependent>
      <default_value>true</default_value>
      <choices>
        <choice>
          <value>true</value>
          <display_name>true</display_name>
        </choice>
        <choice>
          <value>false</value>
          <display_name>false</display_name>
        </choice>
      </choices>
    </argument>
    <argument>
      <name>space_type_breakdown_section</name>
      <display_name>Space Type Breakdown</display_name>
      <type>Boolean</type>
      <required>true</required>
      <model_dependent>false</model_dependent>
      <default_value>true</default_value>
      <choices>
        <choice>
          <value>true</value>
          <display_name>true</display_name>
        </choice>
        <choice>
          <value>false</value>
          <display_name>false</display_name>
        </choice>
      </choices>
    </argument>
    <argument>
      <name>space_type_details_section</name>
      <display_name>Space Type Summary</display_name>
      <type>Boolean</type>
      <required>true</required>
      <model_dependent>false</model_dependent>
      <default_value>true</default_value>
      <choices>
        <choice>
          <value>true</value>
          <display_name>true</display_name>
        </choice>
        <choice>
          <value>false</value>
          <display_name>false</display_name>
        </choice>
      </choices>
    </argument>
    <argument>
      <name>interior_lighting_section</name>
      <display_name>Interior Lighting Summary</display_name>
      <type>Boolean</type>
      <required>true</required>
      <model_dependent>false</model_dependent>
      <default_value>true</default_value>
      <choices>
        <choice>
          <value>true</value>
          <display_name>true</display_name>
        </choice>
        <choice>
          <value>false</value>
          <display_name>false</display_name>
        </choice>
      </choices>
    </argument>
    <argument>
      <name>plug_loads_section</name>
      <display_name>Plug Loads Summary</display_name>
      <type>Boolean</type>
      <required>true</required>
      <model_dependent>false</model_dependent>
      <default_value>true</default_value>
      <choices>
        <choice>
          <value>true</value>
          <display_name>true</display_name>
        </choice>
        <choice>
          <value>false</value>
          <display_name>false</display_name>
        </choice>
      </choices>
    </argument>
    <argument>
      <name>exterior_light_section</name>
      <display_name>Exterior Lighting</display_name>
      <type>Boolean</type>
      <required>true</required>
      <model_dependent>false</model_dependent>
      <default_value>true</default_value>
      <choices>
        <choice>
          <value>true</value>
          <display_name>true</display_name>
        </choice>
        <choice>
          <value>false</value>
          <display_name>false</display_name>
        </choice>
      </choices>
    </argument>
    <argument>
      <name>water_use_section</name>
      <display_name>Water Use Equipment</display_name>
      <type>Boolean</type>
      <required>true</required>
      <model_dependent>false</model_dependent>
      <default_value>true</default_value>
      <choices>
        <choice>
          <value>true</value>
          <display_name>true</display_name>
        </choice>
        <choice>
          <value>false</value>
          <display_name>false</display_name>
        </choice>
      </choices>
    </argument>
    <argument>
      <name>hvac_load_profile</name>
      <display_name>HVAC Load Profiles</display_name>
      <type>Boolean</type>
      <required>true</required>
      <model_dependent>false</model_dependent>
      <default_value>true</default_value>
      <choices>
        <choice>
          <value>true</value>
          <display_name>true</display_name>
        </choice>
        <choice>
          <value>false</value>
          <display_name>false</display_name>
        </choice>
      </choices>
    </argument>
    <argument>
      <name>zone_condition_section</name>
      <display_name>Zone Conditions</display_name>
      <type>Boolean</type>
      <required>true</required>
      <model_dependent>false</model_dependent>
      <default_value>true</default_value>
      <choices>
        <choice>
          <value>true</value>
          <display_name>true</display_name>
        </choice>
        <choice>
          <value>false</value>
          <display_name>false</display_name>
        </choice>
      </choices>
    </argument>
    <argument>
      <name>zone_summary_section</name>
      <display_name>Zone Overview</display_name>
      <type>Boolean</type>
      <required>true</required>
      <model_dependent>false</model_dependent>
      <default_value>true</default_value>
      <choices>
        <choice>
          <value>true</value>
          <display_name>true</display_name>
        </choice>
        <choice>
          <value>false</value>
          <display_name>false</display_name>
        </choice>
      </choices>
    </argument>
    <argument>
      <name>zone_equipment_detail_section</name>
      <display_name>Zone Equipment Detail</display_name>
      <type>Boolean</type>
      <required>true</required>
      <model_dependent>false</model_dependent>
      <default_value>true</default_value>
      <choices>
        <choice>
          <value>true</value>
          <display_name>true</display_name>
        </choice>
        <choice>
          <value>false</value>
          <display_name>false</display_name>
        </choice>
      </choices>
    </argument>
    <argument>
      <name>air_loops_detail_section</name>
      <display_name>Air Loops Detail</display_name>
      <type>Boolean</type>
      <required>true</required>
      <model_dependent>false</model_dependent>
      <default_value>true</default_value>
      <choices>
        <choice>
          <value>true</value>
          <display_name>true</display_name>
        </choice>
        <choice>
          <value>false</value>
          <display_name>false</display_name>
        </choice>
      </choices>
    </argument>
    <argument>
      <name>plant_loops_detail_section</name>
      <display_name>Plant Loops Detail</display_name>
      <type>Boolean</type>
      <required>true</required>
      <model_dependent>false</model_dependent>
      <default_value>true</default_value>
      <choices>
        <choice>
          <value>true</value>
          <display_name>true</display_name>
        </choice>
        <choice>
          <value>false</value>
          <display_name>false</display_name>
        </choice>
      </choices>
    </argument>
    <argument>
      <name>outdoor_air_section</name>
      <display_name>Outdoor Air</display_name>
      <type>Boolean</type>
      <required>true</required>
      <model_dependent>false</model_dependent>
      <default_value>true</default_value>
      <choices>
        <choice>
          <value>true</value>
          <display_name>true</display_name>
        </choice>
        <choice>
          <value>false</value>
          <display_name>false</display_name>
        </choice>
      </choices>
    </argument>
    <argument>
      <name>cost_summary_section</name>
      <display_name>Cash Flow</display_name>
      <type>Boolean</type>
      <required>true</required>
      <model_dependent>false</model_dependent>
      <default_value>true</default_value>
      <choices>
        <choice>
          <value>true</value>
          <display_name>true</display_name>
        </choice>
        <choice>
          <value>false</value>
          <display_name>false</display_name>
        </choice>
      </choices>
    </argument>
    <argument>
      <name>source_energy_section</name>
      <display_name>Site and Source Summary</display_name>
      <type>Boolean</type>
      <required>true</required>
      <model_dependent>false</model_dependent>
      <default_value>true</default_value>
      <choices>
        <choice>
          <value>true</value>
          <display_name>true</display_name>
        </choice>
        <choice>
          <value>false</value>
          <display_name>false</display_name>
        </choice>
      </choices>
    </argument>
    <argument>
      <name>schedules_overview_section</name>
      <display_name>Schedule Overview</display_name>
      <type>Boolean</type>
      <required>true</required>
      <model_dependent>false</model_dependent>
      <default_value>true</default_value>
      <choices>
        <choice>
          <value>true</value>
          <display_name>true</display_name>
        </choice>
        <choice>
          <value>false</value>
          <display_name>false</display_name>
        </choice>
      </choices>
    </argument>
    <argument>
      <name>measure_warning_section</name>
      <display_name>Measure Warnings</display_name>
      <type>Boolean</type>
      <required>true</required>
      <model_dependent>false</model_dependent>
      <default_value>true</default_value>
      <choices>
        <choice>
          <value>true</value>
          <display_name>true</display_name>
        </choice>
        <choice>
          <value>false</value>
          <display_name>false</display_name>
        </choice>
      </choices>
    </argument>
    <argument>
      <name>reg_monthly_details</name>
      <display_name>Report monthly fuel and enduse breakdown to registerValue</display_name>
      <description>This argument does not effect HTML file, instead it makes data from individal cells of monthly tables avaiable for machine readable values in the resulting OpenStudio Workflow file.</description>
      <type>Boolean</type>
      <required>true</required>
      <model_dependent>false</model_dependent>
      <default_value>false</default_value>
      <choices>
        <choice>
          <value>true</value>
          <display_name>true</display_name>
        </choice>
        <choice>
          <value>false</value>
          <display_name>false</display_name>
        </choice>
      </choices>
    </argument>
  </arguments>
  <outputs>
    <output>
      <name>electricity_ip</name>
      <display_name>electricity_ip</display_name>
      <short_name>electricity_ip</short_name>
      <type>Double</type>
      <model_dependent>false</model_dependent>
    </output>
    <output>
      <name>natural_gas_ip</name>
      <display_name>natural_gas_ip</display_name>
      <short_name>natural_gas_ip</short_name>
      <type>Double</type>
      <model_dependent>false</model_dependent>
    </output>
    <output>
      <name>additional_fuel_ip</name>
      <display_name>additional_fuel_ip</display_name>
      <short_name>additional_fuel_ip</short_name>
      <type>Double</type>
      <model_dependent>false</model_dependent>
    </output>
    <output>
      <name>district_heating_ip</name>
      <display_name>district_heating_ip</display_name>
      <short_name>district_heating_ip</short_name>
      <type>Double</type>
      <model_dependent>false</model_dependent>
    </output>
    <output>
      <name>district_cooling_ip</name>
      <display_name>district_cooling_ip</display_name>
      <short_name>district_cooling_ip</short_name>
      <type>Double</type>
      <model_dependent>false</model_dependent>
    </output>
    <output>
      <name>total_site_eui</name>
      <display_name>total_site_eui</display_name>
      <short_name>total_site_eui</short_name>
      <type>Double</type>
      <model_dependent>false</model_dependent>
    </output>
    <output>
      <name>eui</name>
      <display_name>eui</display_name>
      <short_name>eui</short_name>
      <type>Double</type>
      <model_dependent>false</model_dependent>
    </output>
    <output>
      <name>net_site_energy</name>
      <display_name>net_site_energy</display_name>
      <short_name>net_site_energy</short_name>
      <type>Double</type>
      <model_dependent>false</model_dependent>
    </output>
    <output>
      <name>annual_peak_electric_demand</name>
      <display_name>annual_peak_electric_demand</display_name>
      <short_name>annual_peak_electric_demand</short_name>
      <type>Double</type>
      <model_dependent>false</model_dependent>
    </output>
    <output>
      <name>unmet_hours_during_occupied_cooling</name>
      <display_name>unmet_hours_during_occupied_cooling</display_name>
      <short_name>unmet_hours_during_occupied_cooling</short_name>
      <type>Double</type>
      <model_dependent>false</model_dependent>
    </output>
    <output>
      <name>unmet_hours_during_occupied_heating</name>
      <display_name>unmet_hours_during_occupied_heating</display_name>
      <short_name>unmet_hours_during_occupied_heating</short_name>
      <type>Double</type>
      <model_dependent>false</model_dependent>
    </output>
    <output>
      <name>first_year_capital_cost</name>
      <display_name>first_year_capital_cost</display_name>
      <short_name>first_year_capital_cost</short_name>
      <type>Double</type>
      <model_dependent>false</model_dependent>
    </output>
    <output>
      <name>annual_utility_cost</name>
      <display_name>annual_utility_cost</display_name>
      <short_name>annual_utility_cost</short_name>
      <type>Double</type>
      <model_dependent>false</model_dependent>
    </output>
    <output>
      <name>total_lifecycle_cost</name>
      <display_name>total_lifecycle_cost</display_name>
      <short_name>total_lifecycle_cost</short_name>
      <type>Double</type>
      <model_dependent>false</model_dependent>
    </output>
    <output>
      <name>number_of_measures_with_warnings</name>
      <display_name>number_of_measures_with_warnings</display_name>
      <short_name>number_of_measures_with_warnings</short_name>
      <type>Double</type>
      <model_dependent>false</model_dependent>
    </output>
    <output>
      <name>number_warnings</name>
      <display_name>number_warnings</display_name>
      <short_name>number_warnings</short_name>
      <type>Double</type>
      <model_dependent>false</model_dependent>
    </output>
  </outputs>
  <provenances />
  <tags>
    <tag>Reporting.QAQC</tag>
  </tags>
  <attributes>
    <attribute>
      <name>Uses SketchUp API</name>
      <value>false</value>
      <datatype>boolean</datatype>
    </attribute>
    <attribute>
      <name>Measure Type</name>
      <value>ReportingMeasure</value>
      <datatype>string</datatype>
    </attribute>
    <attribute>
      <name>Intended Software Tool</name>
      <value>OpenStudio Application</value>
      <datatype>string</datatype>
    </attribute>
    <attribute>
      <name>Intended Software Tool</name>
      <value>Parametric Analysis Tool</value>
      <datatype>string</datatype>
    </attribute>
    <attribute>
      <name>Intended Software Tool</name>
      <value>Analysis Spreadsheet</value>
      <datatype>string</datatype>
    </attribute>
    <attribute>
      <name>Intended Use Case</name>
      <value>Automatic Report Generation</value>
      <datatype>string</datatype>
    </attribute>
  </attributes>
  <files>
    <file>
      <filename>USA_CO_Golden-NREL.724666_TMY3.epw</filename>
      <filetype>epw</filetype>
      <usage_type>test</usage_type>
      <checksum>BDF687C1</checksum>
    </file>
    <file>
      <filename>EmptyModel.osm</filename>
      <filetype>osm</filetype>
      <usage_type>test</usage_type>
      <checksum>A597C804</checksum>
    </file>
    <file>
      <filename>NoRunPeriod.osm</filename>
      <filetype>osm</filetype>
      <usage_type>test</usage_type>
      <checksum>32622D37</checksum>
    </file>
    <file>
      <filename>1004_SmallHotel_a.osm</filename>
      <filetype>osm</filetype>
      <usage_type>test</usage_type>
      <checksum>C62949E8</checksum>
    </file>
    <file>
      <filename>HeatingOnly.osm</filename>
      <filetype>osm</filetype>
      <usage_type>test</usage_type>
      <checksum>99A21A4F</checksum>
    </file>
    <file>
      <filename>EdgeCaseModel.osm</filename>
      <filetype>osm</filetype>
      <usage_type>test</usage_type>
      <checksum>4EEA709C</checksum>
    </file>
    <file>
      <filename>README.md.erb</filename>
      <filetype>erb</filetype>
      <usage_type>readmeerb</usage_type>
      <checksum>4F81E2EA</checksum>
    </file>
    <file>
      <filename>LICENSE.md</filename>
      <filetype>md</filetype>
      <usage_type>license</usage_type>
      <checksum>E0468DD6</checksum>
    </file>
    <file>
      <filename>os_lib_helper_methods.rb</filename>
      <filetype>rb</filetype>
      <usage_type>resource</usage_type>
      <checksum>07B01D67</checksum>
    </file>
    <file>
      <filename>Siz.AirConditionerVariableRefrigerantFlow.rb</filename>
      <filetype>rb</filetype>
      <usage_type>resource</usage_type>
      <checksum>CE884E2A</checksum>
    </file>
    <file>
      <filename>Siz.AirLoopHVACUnitaryHeatCoolVAVChangeoverBypass.rb</filename>
      <filetype>rb</filetype>
      <usage_type>resource</usage_type>
      <checksum>139E611D</checksum>
    </file>
    <file>
      <filename>Siz.AirLoopHVACUnitaryHeatPumpAirToAir.rb</filename>
      <filetype>rb</filetype>
      <usage_type>resource</usage_type>
      <checksum>66ECC136</checksum>
    </file>
    <file>
      <filename>Siz.AirLoopHVACUnitaryHeatPumpAirToAirMultiSpeed.rb</filename>
      <filetype>rb</filetype>
      <usage_type>resource</usage_type>
      <checksum>BC2195B6</checksum>
    </file>
    <file>
      <filename>Siz.AirLoopHVACUnitarySystem.rb</filename>
      <filetype>rb</filetype>
      <usage_type>resource</usage_type>
      <checksum>A759860C</checksum>
    </file>
    <file>
      <filename>Siz.AirTerminalSingleDuctConstantVolumeFourPipeInduction.rb</filename>
      <filetype>rb</filetype>
      <usage_type>resource</usage_type>
      <checksum>FBB8E2CB</checksum>
    </file>
    <file>
      <filename>Siz.AirTerminalSingleDuctConstantVolumeReheat.rb</filename>
      <filetype>rb</filetype>
      <usage_type>resource</usage_type>
      <checksum>D0FF0815</checksum>
    </file>
    <file>
      <filename>Siz.AirTerminalSingleDuctParallelPIUReheat.rb</filename>
      <filetype>rb</filetype>
      <usage_type>resource</usage_type>
      <checksum>191F23FE</checksum>
    </file>
    <file>
      <filename>Siz.AirTerminalSingleDuctSeriesPIUReheat.rb</filename>
      <filetype>rb</filetype>
      <usage_type>resource</usage_type>
      <checksum>93F274F9</checksum>
    </file>
    <file>
      <filename>Siz.AirTerminalSingleDuctVAVHeatAndCoolReheat.rb</filename>
      <filetype>rb</filetype>
      <usage_type>resource</usage_type>
      <checksum>0FBA2523</checksum>
    </file>
    <file>
      <filename>Siz.AirTerminalSingleDuctVAVReheat.rb</filename>
      <filetype>rb</filetype>
      <usage_type>resource</usage_type>
      <checksum>71E8AE3D</checksum>
    </file>
    <file>
      <filename>Siz.BoilerHotWater.rb</filename>
      <filetype>rb</filetype>
      <usage_type>resource</usage_type>
      <checksum>F4D5E8DD</checksum>
    </file>
    <file>
      <filename>Siz.BoilerSteam.rb</filename>
      <filetype>rb</filetype>
      <usage_type>resource</usage_type>
      <checksum>F56325B1</checksum>
    </file>
    <file>
      <filename>Siz.CoilCoolingDXMultiSpeedStageData.rb</filename>
      <filetype>rb</filetype>
      <usage_type>resource</usage_type>
      <checksum>EC2FFF33</checksum>
    </file>
    <file>
      <filename>Siz.CoilCoolingDXSingleSpeed.rb</filename>
      <filetype>rb</filetype>
      <usage_type>resource</usage_type>
      <checksum>FB956F51</checksum>
    </file>
    <file>
      <filename>Siz.CoilCoolingDXTwoSpeed.rb</filename>
      <filetype>rb</filetype>
      <usage_type>resource</usage_type>
      <checksum>6709B0F6</checksum>
    </file>
    <file>
      <filename>Siz.CoilCoolingDXVariableSpeedSpeedData.rb</filename>
      <filetype>rb</filetype>
      <usage_type>resource</usage_type>
      <checksum>7F46BB99</checksum>
    </file>
    <file>
      <filename>Siz.CoilCoolingWaterToAirHeatPumpVariableSpeedEquationFitSpeedData.rb</filename>
      <filetype>rb</filetype>
      <usage_type>resource</usage_type>
      <checksum>1E8B4778</checksum>
    </file>
    <file>
      <filename>Siz.CoilHeatingDesuperheater.rb</filename>
      <filetype>rb</filetype>
      <usage_type>resource</usage_type>
      <checksum>B004FD9D</checksum>
    </file>
    <file>
      <filename>Siz.CoilHeatingDXMultiSpeedStageData.rb</filename>
      <filetype>rb</filetype>
      <usage_type>resource</usage_type>
      <checksum>B78DFFDE</checksum>
    </file>
    <file>
      <filename>Siz.CoilHeatingDXSingleSpeed.rb</filename>
      <filetype>rb</filetype>
      <usage_type>resource</usage_type>
      <checksum>3533D682</checksum>
    </file>
    <file>
      <filename>Siz.CoilHeatingDXVariableSpeedSpeedData.rb</filename>
      <filetype>rb</filetype>
      <usage_type>resource</usage_type>
      <checksum>79C62118</checksum>
    </file>
    <file>
      <filename>Siz.CoilHeatingElectric.rb</filename>
      <filetype>rb</filetype>
      <usage_type>resource</usage_type>
      <checksum>C9F063C7</checksum>
    </file>
    <file>
      <filename>Siz.CoilHeatingGas.rb</filename>
      <filetype>rb</filetype>
      <usage_type>resource</usage_type>
      <checksum>921B9368</checksum>
    </file>
    <file>
      <filename>Siz.CoilHeatingGasMultiStageStageData.rb</filename>
      <filetype>rb</filetype>
      <usage_type>resource</usage_type>
      <checksum>9A5FFC59</checksum>
    </file>
    <file>
      <filename>Siz.CoilHeatingLowTempRadiantVarFlow.rb</filename>
      <filetype>rb</filetype>
      <usage_type>resource</usage_type>
      <checksum>D893C2CD</checksum>
    </file>
    <file>
      <filename>Siz.CoilHeatingWaterToAirHeatPumpVariableSpeedEquationFitSpeedData.rb</filename>
      <filetype>rb</filetype>
      <usage_type>resource</usage_type>
      <checksum>FD3D0103</checksum>
    </file>
    <file>
      <filename>Siz.CoilPerformanceDXCooling.rb</filename>
      <filetype>rb</filetype>
      <usage_type>resource</usage_type>
      <checksum>3D2FCB21</checksum>
    </file>
    <file>
      <filename>Siz.CoilSystemCoolingDXHeatExchangerAssisted.rb</filename>
      <filetype>rb</filetype>
      <usage_type>resource</usage_type>
      <checksum>0CA74729</checksum>
    </file>
    <file>
      <filename>Siz.CoilSystemCoolingWaterHeatExchangerAssisted.rb</filename>
      <filetype>rb</filetype>
      <usage_type>resource</usage_type>
      <checksum>AC4B4392</checksum>
    </file>
    <file>
      <filename>Siz.CoilWaterHeatingAirToWaterHeatPump.rb</filename>
      <filetype>rb</filetype>
      <usage_type>resource</usage_type>
      <checksum>E962DA1B</checksum>
    </file>
    <file>
      <filename>Siz.CoilWaterHeatingAirToWaterHeatPumpWrapped.rb</filename>
      <filetype>rb</filetype>
      <usage_type>resource</usage_type>
      <checksum>5FA7D478</checksum>
    </file>
    <file>
      <filename>Siz.CoilWaterHeatingDesuperheater.rb</filename>
      <filetype>rb</filetype>
      <usage_type>resource</usage_type>
      <checksum>754A681B</checksum>
    </file>
    <file>
      <filename>Siz.ElectricLoadCenterInverterLookUpTable.rb</filename>
      <filetype>rb</filetype>
      <usage_type>resource</usage_type>
      <checksum>F983791D</checksum>
    </file>
    <file>
      <filename>Siz.ElectricLoadCenterInverterSimple.rb</filename>
      <filetype>rb</filetype>
      <usage_type>resource</usage_type>
      <checksum>7BB72542</checksum>
    </file>
    <file>
      <filename>Siz.ElectricLoadCenterStorageConverter.rb</filename>
      <filetype>rb</filetype>
      <usage_type>resource</usage_type>
      <checksum>EB95BA5C</checksum>
    </file>
    <file>
      <filename>Siz.ElectricLoadCenterStorageSimple.rb</filename>
      <filetype>rb</filetype>
      <usage_type>resource</usage_type>
      <checksum>00A37295</checksum>
    </file>
    <file>
      <filename>Siz.EvaporativeCoolerDirectResearchSpecial.rb</filename>
      <filetype>rb</filetype>
      <usage_type>resource</usage_type>
      <checksum>88768F01</checksum>
    </file>
    <file>
      <filename>Siz.EvaporativeCoolerIndirectResearchSpecial.rb</filename>
      <filetype>rb</filetype>
      <usage_type>resource</usage_type>
      <checksum>D9A064E7</checksum>
    </file>
    <file>
      <filename>Siz.FanConstantVolume.rb</filename>
      <filetype>rb</filetype>
      <usage_type>resource</usage_type>
      <checksum>88EB9702</checksum>
    </file>
    <file>
      <filename>Siz.FanOnOff.rb</filename>
      <filetype>rb</filetype>
      <usage_type>resource</usage_type>
      <checksum>CD2FBF91</checksum>
    </file>
    <file>
      <filename>Siz.FanVariableVolume.rb</filename>
      <filetype>rb</filetype>
      <usage_type>resource</usage_type>
      <checksum>9C1FBA96</checksum>
    </file>
    <file>
      <filename>Siz.FanZoneExhaust.rb</filename>
      <filetype>rb</filetype>
      <usage_type>resource</usage_type>
      <checksum>F4C86E63</checksum>
    </file>
    <file>
      <filename>Siz.GeneratorFuelCellElectricalStorage.rb</filename>
      <filetype>rb</filetype>
      <usage_type>resource</usage_type>
      <checksum>AB8621D9</checksum>
    </file>
    <file>
      <filename>Siz.GeneratorFuelCellInverter.rb</filename>
      <filetype>rb</filetype>
      <usage_type>resource</usage_type>
      <checksum>42A85F96</checksum>
    </file>
    <file>
      <filename>Siz.GeneratorFuelCellPowerModule.rb</filename>
      <filetype>rb</filetype>
      <usage_type>resource</usage_type>
      <checksum>160B53A0</checksum>
    </file>
    <file>
      <filename>Siz.GeneratorMicroTurbine.rb</filename>
      <filetype>rb</filetype>
      <usage_type>resource</usage_type>
      <checksum>9190FF8F</checksum>
    </file>
    <file>
      <filename>Siz.GeneratorMicroTurbineHeatRecovery.rb</filename>
      <filetype>rb</filetype>
      <usage_type>resource</usage_type>
      <checksum>C6CDF7F3</checksum>
    </file>
    <file>
      <filename>Siz.HeaderedPumpsConstantSpeed.rb</filename>
      <filetype>rb</filetype>
      <usage_type>resource</usage_type>
      <checksum>B32BCEE9</checksum>
    </file>
    <file>
      <filename>Siz.HeaderedPumpsVariableSpeed.rb</filename>
      <filetype>rb</filetype>
      <usage_type>resource</usage_type>
      <checksum>FF2879D6</checksum>
    </file>
    <file>
      <filename>Siz.HeatExchangerAirToAirSensibleAndLatent.rb</filename>
      <filetype>rb</filetype>
      <usage_type>resource</usage_type>
      <checksum>61C05436</checksum>
    </file>
    <file>
      <filename>Siz.PhotovoltaicPerformanceSimple.rb</filename>
      <filetype>rb</filetype>
      <usage_type>resource</usage_type>
      <checksum>84ED6027</checksum>
    </file>
    <file>
      <filename>Siz.PumpConstantSpeed.rb</filename>
      <filetype>rb</filetype>
      <usage_type>resource</usage_type>
      <checksum>D55D7EDF</checksum>
    </file>
    <file>
      <filename>Siz.PumpVariableSpeed.rb</filename>
      <filetype>rb</filetype>
      <usage_type>resource</usage_type>
      <checksum>DC88C557</checksum>
    </file>
    <file>
      <filename>Siz.RefrigerationSecondarySystem.rb</filename>
      <filetype>rb</filetype>
      <usage_type>resource</usage_type>
      <checksum>3DF35AC4</checksum>
    </file>
    <file>
      <filename>Siz.RefrigerationSystem.rb</filename>
      <filetype>rb</filetype>
      <usage_type>resource</usage_type>
      <checksum>BA9DD959</checksum>
    </file>
    <file>
      <filename>Siz.RefrigerationTranscriticalSystem.rb</filename>
      <filetype>rb</filetype>
      <usage_type>resource</usage_type>
      <checksum>FACF342B</checksum>
    </file>
    <file>
      <filename>Siz.SolarCollectorPerformancePhotovoltaicThermalSimple.rb</filename>
      <filetype>rb</filetype>
      <usage_type>resource</usage_type>
      <checksum>836522F9</checksum>
    </file>
    <file>
      <filename>Siz.ThermalStorageChilledWaterStratified.rb</filename>
      <filetype>rb</filetype>
      <usage_type>resource</usage_type>
      <checksum>71973607</checksum>
    </file>
    <file>
      <filename>Siz.WaterHeaterHeatPump.rb</filename>
      <filetype>rb</filetype>
      <usage_type>resource</usage_type>
      <checksum>0740D67B</checksum>
    </file>
    <file>
      <filename>Siz.WaterHeaterHeatPumpWrappedCondenser.rb</filename>
      <filetype>rb</filetype>
      <usage_type>resource</usage_type>
      <checksum>A9EE94F8</checksum>
    </file>
    <file>
      <filename>Siz.WaterHeaterMixed.rb</filename>
      <filetype>rb</filetype>
      <usage_type>resource</usage_type>
      <checksum>B209FD50</checksum>
    </file>
    <file>
      <filename>Siz.WaterHeaterStratified.rb</filename>
      <filetype>rb</filetype>
      <usage_type>resource</usage_type>
      <checksum>23C4F2C0</checksum>
    </file>
    <file>
      <filename>Siz.ZoneHVACBaseboardConvectiveElectric.rb</filename>
      <filetype>rb</filetype>
      <usage_type>resource</usage_type>
      <checksum>5E7E030D</checksum>
    </file>
    <file>
      <filename>Siz.ZoneHVACBaseboardConvectiveWater.rb</filename>
      <filetype>rb</filetype>
      <usage_type>resource</usage_type>
      <checksum>9E811FF4</checksum>
    </file>
    <file>
      <filename>Siz.ZoneHVACBaseboardRadiantConvectiveElectric.rb</filename>
      <filetype>rb</filetype>
      <usage_type>resource</usage_type>
      <checksum>6F782A60</checksum>
    </file>
    <file>
      <filename>Siz.ZoneHVACBaseboardRadiantConvectiveWater.rb</filename>
      <filetype>rb</filetype>
      <usage_type>resource</usage_type>
      <checksum>3715971E</checksum>
    </file>
    <file>
      <filename>Siz.ZoneHVACEnergyRecoveryVentilator.rb</filename>
      <filetype>rb</filetype>
      <usage_type>resource</usage_type>
      <checksum>E4D4A845</checksum>
    </file>
    <file>
      <filename>Siz.ZoneHVACFourPipeFanCoil.rb</filename>
      <filetype>rb</filetype>
      <usage_type>resource</usage_type>
      <checksum>B5ED337B</checksum>
    </file>
    <file>
      <filename>Siz.ZoneHVACHighTemperatureRadiant.rb</filename>
      <filetype>rb</filetype>
      <usage_type>resource</usage_type>
      <checksum>A7043F67</checksum>
    </file>
    <file>
      <filename>Siz.ZoneHVACIdealLoadsAirSystem.rb</filename>
      <filetype>rb</filetype>
      <usage_type>resource</usage_type>
      <checksum>39693257</checksum>
    </file>
    <file>
      <filename>Siz.ZoneHVACLowTempRadiantConstFlow.rb</filename>
      <filetype>rb</filetype>
      <usage_type>resource</usage_type>
      <checksum>4A7458EB</checksum>
    </file>
    <file>
      <filename>Siz.ZoneHVACLowTempRadiantVarFlow.rb</filename>
      <filetype>rb</filetype>
      <usage_type>resource</usage_type>
      <checksum>423EF647</checksum>
    </file>
    <file>
      <filename>Siz.ZoneHVACPackagedTerminalAirConditioner.rb</filename>
      <filetype>rb</filetype>
      <usage_type>resource</usage_type>
      <checksum>355B39EE</checksum>
    </file>
    <file>
      <filename>Siz.ZoneHVACPackagedTerminalHeatPump.rb</filename>
      <filetype>rb</filetype>
      <usage_type>resource</usage_type>
      <checksum>E477D566</checksum>
    </file>
    <file>
      <filename>Siz.ZoneHVACUnitHeater.rb</filename>
      <filetype>rb</filetype>
      <usage_type>resource</usage_type>
      <checksum>BC68E173</checksum>
    </file>
    <file>
      <filename>Siz.ZoneHVACUnitVentilator.rb</filename>
      <filetype>rb</filetype>
      <usage_type>resource</usage_type>
      <checksum>7139EE5A</checksum>
    </file>
    <file>
      <filename>Siz.ZoneHVACWaterToAirHeatPump.rb</filename>
      <filetype>rb</filetype>
      <usage_type>resource</usage_type>
      <checksum>D54FAE4F</checksum>
    </file>
    <file>
      <filename>Siz.ZoneVentilationDesignFlowRate.rb</filename>
      <filetype>rb</filetype>
      <usage_type>resource</usage_type>
      <checksum>63CCD3D9</checksum>
    </file>
    <file>
      <filename>Siz.AirLoopHVAC.rb</filename>
      <filetype>rb</filetype>
      <usage_type>resource</usage_type>
      <checksum>14F8D189</checksum>
    </file>
    <file>
      <filename>Siz.AirTerminalDualDuctVAV.rb</filename>
      <filetype>rb</filetype>
      <usage_type>resource</usage_type>
      <checksum>4B6819DC</checksum>
    </file>
    <file>
      <filename>Siz.AirTerminalSingleDuctConstantVolumeCooledBeam.rb</filename>
      <filetype>rb</filetype>
      <usage_type>resource</usage_type>
      <checksum>F96D6214</checksum>
    </file>
    <file>
      <filename>Siz.AirTerminalSingleDuctUncontrolled.rb</filename>
      <filetype>rb</filetype>
      <usage_type>resource</usage_type>
      <checksum>C7FD335A</checksum>
    </file>
    <file>
      <filename>Siz.AirTerminalSingleDuctVAVHeatAndCoolNoReheat.rb</filename>
      <filetype>rb</filetype>
      <usage_type>resource</usage_type>
      <checksum>B5BAC065</checksum>
    </file>
    <file>
      <filename>Siz.AirTerminalSingleDuctVAVNoReheat.rb</filename>
      <filetype>rb</filetype>
      <usage_type>resource</usage_type>
      <checksum>A1793E80</checksum>
    </file>
    <file>
      <filename>Siz.ChillerAbsorption.rb</filename>
      <filetype>rb</filetype>
      <usage_type>resource</usage_type>
      <checksum>8D07361A</checksum>
    </file>
    <file>
      <filename>Siz.ChillerAbsorptionIndirect.rb</filename>
      <filetype>rb</filetype>
      <usage_type>resource</usage_type>
      <checksum>BD8F5F27</checksum>
    </file>
    <file>
      <filename>Siz.CoilCoolingDXMultiSpeed.rb</filename>
      <filetype>rb</filetype>
      <usage_type>resource</usage_type>
      <checksum>E263E487</checksum>
    </file>
    <file>
      <filename>Siz.CoilCoolingDXTwoStageWithHumidityControlMode.rb</filename>
      <filetype>rb</filetype>
      <usage_type>resource</usage_type>
      <checksum>C7886FF0</checksum>
    </file>
    <file>
      <filename>Siz.CoilCoolingDXVariableRefrigerantFlow.rb</filename>
      <filetype>rb</filetype>
      <usage_type>resource</usage_type>
      <checksum>37D275EB</checksum>
    </file>
    <file>
      <filename>Siz.CoilCoolingDXVariableSpeed.rb</filename>
      <filetype>rb</filetype>
      <usage_type>resource</usage_type>
      <checksum>AC0227FF</checksum>
    </file>
    <file>
      <filename>Siz.CoilCoolingLowTempRadiantVarFlow.rb</filename>
      <filetype>rb</filetype>
      <usage_type>resource</usage_type>
      <checksum>5713AC88</checksum>
    </file>
    <file>
      <filename>Siz.CoilCoolingWater.rb</filename>
      <filetype>rb</filetype>
      <usage_type>resource</usage_type>
      <checksum>F059E05B</checksum>
    </file>
    <file>
      <filename>Siz.CoilCoolingWaterToAirHeatPumpEquationFit.rb</filename>
      <filetype>rb</filetype>
      <usage_type>resource</usage_type>
      <checksum>29C27996</checksum>
    </file>
    <file>
      <filename>Siz.CoilCoolingWaterToAirHeatPumpVariableSpeedEquationFit.rb</filename>
      <filetype>rb</filetype>
      <usage_type>resource</usage_type>
      <checksum>5A11AD77</checksum>
    </file>
    <file>
      <filename>Siz.CoilHeatingDXMultiSpeed.rb</filename>
      <filetype>rb</filetype>
      <usage_type>resource</usage_type>
      <checksum>1AF45942</checksum>
    </file>
    <file>
      <filename>Siz.CoilHeatingDXVariableRefrigerantFlow.rb</filename>
      <filetype>rb</filetype>
      <usage_type>resource</usage_type>
      <checksum>FEF55D21</checksum>
    </file>
    <file>
      <filename>Siz.CoilHeatingDXVariableSpeed.rb</filename>
      <filetype>rb</filetype>
      <usage_type>resource</usage_type>
      <checksum>2F4D3805</checksum>
    </file>
    <file>
      <filename>Siz.CoilHeatingGasMultiStage.rb</filename>
      <filetype>rb</filetype>
      <usage_type>resource</usage_type>
      <checksum>E0A44A0E</checksum>
    </file>
    <file>
      <filename>Siz.CoilHeatingWater.rb</filename>
      <filetype>rb</filetype>
      <usage_type>resource</usage_type>
      <checksum>960C3ADB</checksum>
    </file>
    <file>
      <filename>Siz.CoilHeatingWaterBaseboard.rb</filename>
      <filetype>rb</filetype>
      <usage_type>resource</usage_type>
      <checksum>A494F9CC</checksum>
    </file>
    <file>
      <filename>Siz.CoilHeatingWaterBaseboardRadiant.rb</filename>
      <filetype>rb</filetype>
      <usage_type>resource</usage_type>
      <checksum>973E7BF4</checksum>
    </file>
    <file>
      <filename>Siz.CoilHeatingWaterToAirHeatPumpEquationFit.rb</filename>
      <filetype>rb</filetype>
      <usage_type>resource</usage_type>
      <checksum>20C873F5</checksum>
    </file>
    <file>
      <filename>Siz.CoilHeatingWaterToAirHeatPumpVariableSpeedEquationFit.rb</filename>
      <filetype>rb</filetype>
      <usage_type>resource</usage_type>
      <checksum>CE0D3D54</checksum>
    </file>
    <file>
      <filename>Siz.ControllerOutdoorAir.rb</filename>
      <filetype>rb</filetype>
      <usage_type>resource</usage_type>
      <checksum>A4B81965</checksum>
    </file>
    <file>
      <filename>Siz.CoolingTowerSingleSpeed.rb</filename>
      <filetype>rb</filetype>
      <usage_type>resource</usage_type>
      <checksum>B5E60361</checksum>
    </file>
    <file>
      <filename>Siz.CoolingTowerTwoSpeed.rb</filename>
      <filetype>rb</filetype>
      <usage_type>resource</usage_type>
      <checksum>C8EE081E</checksum>
    </file>
    <file>
      <filename>Siz.CoolingTowerVariableSpeed.rb</filename>
      <filetype>rb</filetype>
      <usage_type>resource</usage_type>
      <checksum>8009D2D7</checksum>
    </file>
    <file>
      <filename>Siz.DistrictCooling.rb</filename>
      <filetype>rb</filetype>
      <usage_type>resource</usage_type>
      <checksum>A0A45BB2</checksum>
    </file>
    <file>
      <filename>Siz.DistrictHeating.rb</filename>
      <filetype>rb</filetype>
      <usage_type>resource</usage_type>
      <checksum>E4BB69AB</checksum>
    </file>
    <file>
      <filename>Siz.EvaporativeFluidCoolerSingleSpeed.rb</filename>
      <filetype>rb</filetype>
      <usage_type>resource</usage_type>
      <checksum>7964E64F</checksum>
    </file>
    <file>
      <filename>Siz.EvaporativeFluidCoolerTwoSpeed.rb</filename>
      <filetype>rb</filetype>
      <usage_type>resource</usage_type>
      <checksum>052C7012</checksum>
    </file>
    <file>
      <filename>Siz.FluidCoolerSingleSpeed.rb</filename>
      <filetype>rb</filetype>
      <usage_type>resource</usage_type>
      <checksum>29E594D2</checksum>
    </file>
    <file>
      <filename>Siz.FluidCoolerTwoSpeed.rb</filename>
      <filetype>rb</filetype>
      <usage_type>resource</usage_type>
      <checksum>087B28CA</checksum>
    </file>
    <file>
      <filename>Siz.HeatExchangerFluidToFluid.rb</filename>
      <filetype>rb</filetype>
      <usage_type>resource</usage_type>
      <checksum>79A206AA</checksum>
    </file>
    <file>
      <filename>Siz.HeatPumpWaterToWaterEquationFitCooling.rb</filename>
      <filetype>rb</filetype>
      <usage_type>resource</usage_type>
      <checksum>F15CDDD5</checksum>
    </file>
    <file>
      <filename>Siz.HeatPumpWaterToWaterEquationFitHeating.rb</filename>
      <filetype>rb</filetype>
      <usage_type>resource</usage_type>
      <checksum>07DDB5E6</checksum>
    </file>
    <file>
      <filename>Siz.ModelObject.rb</filename>
      <filetype>rb</filetype>
      <usage_type>resource</usage_type>
      <checksum>A7D06578</checksum>
    </file>
    <file>
      <filename>Siz.PlantComponentTemperatureSource.rb</filename>
      <filetype>rb</filetype>
      <usage_type>resource</usage_type>
      <checksum>60776604</checksum>
    </file>
    <file>
      <filename>Siz.PlantLoop.rb</filename>
      <filetype>rb</filetype>
      <usage_type>resource</usage_type>
      <checksum>C464E1E0</checksum>
    </file>
    <file>
      <filename>Siz.SizingSystem.rb</filename>
      <filetype>rb</filetype>
      <usage_type>resource</usage_type>
      <checksum>1B86DEA6</checksum>
    </file>
    <file>
      <filename>Siz.SolarCollectorFlatPlatePhotovoltaicThermal.rb</filename>
      <filetype>rb</filetype>
      <usage_type>resource</usage_type>
      <checksum>4C7BF968</checksum>
    </file>
    <file>
      <filename>Siz.ZoneHVACTerminalUnitVariableRefrigerantFlow.rb</filename>
      <filetype>rb</filetype>
      <usage_type>resource</usage_type>
      <checksum>8A8CE353</checksum>
    </file>
    <file>
      <filename>Siz.HumidifierSteamElectric.rb</filename>
      <filetype>rb</filetype>
      <usage_type>resource</usage_type>
      <checksum>3F1A8DFF</checksum>
    </file>
    <file>
      <filename>Siz.HVACComponent.rb</filename>
      <filetype>rb</filetype>
      <usage_type>resource</usage_type>
      <checksum>C1FB6BC6</checksum>
    </file>
    <file>
      <filename>Siz.Model.rb</filename>
      <filetype>rb</filetype>
      <usage_type>resource</usage_type>
      <checksum>E453C1B0</checksum>
    </file>
    <file>
      <filename>Siz.ChillerElectricEIR.rb</filename>
      <filetype>rb</filetype>
      <usage_type>resource</usage_type>
      <checksum>A6354925</checksum>
    </file>
    <file>
      <filename>Siz.ChillerHeaterPerformanceElectricEIR.rb</filename>
      <filetype>rb</filetype>
      <usage_type>resource</usage_type>
      <checksum>42F8AE58</checksum>
    </file>
    <file>
      <filename>report.html.erb</filename>
      <filetype>erb</filetype>
      <usage_type>resource</usage_type>
      <checksum>0169F9F8</checksum>
    </file>
    <file>
      <filename>os_lib_schedules.rb</filename>
      <filetype>rb</filetype>
      <usage_type>resource</usage_type>
      <checksum>C82D00CC</checksum>
    </file>
    <file>
      <filename>PeriodInConstName.osm</filename>
      <filetype>osm</filetype>
      <usage_type>test</usage_type>
      <checksum>E41FBCFF</checksum>
    </file>
    <file>
      <filename>add_tariff.osw</filename>
      <filetype>osw</filetype>
      <usage_type>test</usage_type>
      <checksum>BF680A60</checksum>
    </file>
    <file>
      <filename>os_results.osw</filename>
      <filetype>osw</filetype>
      <usage_type>test</usage_type>
      <checksum>8BE06CC3</checksum>
    </file>
    <file>
      <filename>ExampleModel.osm</filename>
      <filetype>osm</filetype>
      <usage_type>test</usage_type>
      <checksum>42C65747</checksum>
    </file>
    <file>
      <version>
        <software_program>OpenStudio</software_program>
        <identifier>3.1.0</identifier>
        <min_compatible>3.1.0</min_compatible>
      </version>
      <filename>measure.rb</filename>
      <filetype>rb</filetype>
      <usage_type>script</usage_type>
      <checksum>CD87DF6C</checksum>
    </file>
    <file>
      <filename>OpenStudioResults_Test.rb</filename>
      <filetype>rb</filetype>
      <usage_type>test</usage_type>
      <checksum>B7FB7EB7</checksum>
    </file>
    <file>
      <filename>os_lib_reporting.rb</filename>
      <filetype>rb</filetype>
      <usage_type>resource</usage_type>
      <checksum>4A5657AB</checksum>
    </file>
    <file>
      <filename>README.md</filename>
      <filetype>md</filetype>
      <usage_type>readme</usage_type>
      <checksum>42709140</checksum>
    </file>
  </files>
</measure>
