<?xml version="1.0"?>
<measure>
  <schema_version>3.0</schema_version>
  <name>aedg_k_12_interior_finishes</name>
  <uid>9165a1f8-9cd1-4492-b20b-5257c05fc5d9</uid>
  <version_id>b91269fc-0c8a-41a4-88c1-6012d94cef62</version_id>
  <version_modified>20200401T014101Z</version_modified>
  <xml_checksum>1E963D9C</xml_checksum>
  <class_name>AedgK12InteriorFinishes</class_name>
  <display_name>AedgK12InteriorFinishes</display_name>
  <description>This measure will adjust the visible reflectance of materials used on interior building surfaces. Different target values will be set for floors, ceilings, and furniture/interior partition surfaces.</description>
  <modeler_description>While the AEDG guide recommends unique wall reflectance targets above and below 7', the measure will use the 7' target on all interior walls. Cost was not included as part of this measure as there likely isn't a significant cost impact to lighter finishes. This measure will treat interior partition surfaces as furniture. The measure will only enhance reflectance. If a material already exceeds the target it will be left alone.</modeler_description>
  <arguments>
    <argument>
      <name>object</name>
      <display_name>Only Check/Alter Interior Partition Surfaces To Meet Furniture Target When They Use This Construction.</display_name>
      <type>Choice</type>
      <required>true</required>
      <model_dependent>false</model_dependent>
      <default_value>{12bbaf78-d857-4e46-b65f-5d6ae51a9602}</default_value>
      <choices>
        <choice>
          <value>{12bbaf78-d857-4e46-b65f-5d6ae51a9602}</value>
          <display_name>*All Interior Partition Surfaces*</display_name>
        </choice>
      </choices>
    </argument>
  </arguments>
  <outputs />
  <provenances />
  <tags>
    <tag>Envelope.Opaque</tag>
  </tags>
  <attributes>
    <attribute>
      <name>Measure Type</name>
      <value>ModelMeasure</value>
      <datatype>string</datatype>
    </attribute>
    <attribute>
      <name>Uses SketchUp API</name>
      <value>false</value>
      <datatype>boolean</datatype>
    </attribute>
  </attributes>
  <files>
    <file>
      <filename>0211_SimpleSchool_e_124_dev.osm</filename>
      <filetype>osm</filetype>
      <usage_type>test</usage_type>
      <checksum>B1595983</checksum>
    </file>
    <file>
      <filename>README.md.erb</filename>
      <filetype>erb</filetype>
      <usage_type>readmeerb</usage_type>
      <checksum>703C9964</checksum>
    </file>
    <file>
      <filename>README.md</filename>
      <filetype>md</filetype>
      <usage_type>readme</usage_type>
      <checksum>35548FC2</checksum>
    </file>
    <file>
      <filename>LICENSE.md</filename>
      <filetype>md</filetype>
      <usage_type>license</usage_type>
      <checksum>E0468DD6</checksum>
    </file>
    <file>
      <filename>OsLib_AedgMeasures.rb</filename>
      <filetype>rb</filetype>
      <usage_type>resource</usage_type>
      <checksum>99805712</checksum>
    </file>
    <file>
      <filename>AedgK12InteriorFinishes_Test.rb</filename>
      <filetype>rb</filetype>
      <usage_type>test</usage_type>
      <checksum>495E049B</checksum>
    </file>
    <file>
      <version>
        <software_program>OpenStudio</software_program>
        <identifier>2.0.0</identifier>
        <min_compatible>2.8.0</min_compatible>
      </version>
      <filename>measure.rb</filename>
      <filetype>rb</filetype>
      <usage_type>script</usage_type>
      <checksum>2C7E7C6D</checksum>
    </file>
  </files>
</measure>
