<measure>
  <schema_version>3.0</schema_version>
  <name>envelope_and_internal_load_breakdown</name>
  <uid>8f0e1fbb-8bc6-46e5-b6e4-db59177e2c02</uid>
  <version_id>f63919e1-a65a-4f4e-8b7d-8c14125f6f04</version_id>
  <version_modified>20181023T190020Z</version_modified>
  <xml_checksum>69BA4D91</xml_checksum>
  <class_name>EnvelopeAndInternalLoadBreakdown</class_name>
  <display_name>Envelope and Internal Load Breakdown</display_name>
  <description>Report provides annual and monthly views into heat gains and losses for envelope and internal loads.</description>
  <modeler_description>It uses the following variables: Electric Equipment Total Heating Energy, Zone Lights Total Heating Energy, Zone, People Sensible Heating Energy, Surface Average Face Conduction Heat Transfer Energy, Surface Window Heat Gain Energy, Surface Window Heat Loss Energy, Zone Infiltration Sensible Heat Gain Energy, Zone Infiltration Sensible Heat Loss Energy. For Surface Average Face Conduction Heat Transfer Energy bin positive values as heat gain and negative values as heat loss.
</modeler_description>
  <arguments/>
  <outputs/>
  <provenances/>
  <tags>
    <tag>Reporting.QAQC</tag>
  </tags>
  <attributes>
    <attribute>
      <name>Uses SketchUp API</name>
      <value>false</value>
      <datatype>boolean</datatype>
    </attribute>
    <attribute>
      <name>Intended Software Tool</name>
      <value>OpenStudio Application</value>
      <datatype>string</datatype>
    </attribute>
    <attribute>
      <name>Intended Software Tool</name>
      <value>Parametric Analysis Tool</value>
      <datatype>string</datatype>
    </attribute>
    <attribute>
      <name>Intended Software Tool</name>
      <value>Analysis Spreadsheet</value>
      <datatype>string</datatype>
    </attribute>
    <attribute>
      <name>Intended Use Case</name>
      <value>Automatic Report Generation</value>
      <datatype>string</datatype>
    </attribute>
    <attribute>
      <name>Measure Type</name>
      <value>ReportingMeasure</value>
      <datatype>string</datatype>
    </attribute>
    <attribute>
      <name>Intended Software Tool</name>
      <value>OpenStudio Application</value>
      <datatype>string</datatype>
    </attribute>
    <attribute>
      <name>Intended Software Tool</name>
      <value>Parametric Analysis Tool</value>
      <datatype>string</datatype>
    </attribute>
    <attribute>
      <name>Intended Software Tool</name>
      <value>Analysis Spreadsheet</value>
      <datatype>string</datatype>
    </attribute>
    <attribute>
      <name>Intended Use Case</name>
      <value>Automatic Report Generation</value>
      <datatype>string</datatype>
    </attribute>
  </attributes>
  <files>
    <file>
      <filename>USA_CO_Golden-NREL.724666_TMY3.epw</filename>
      <filetype>epw</filetype>
      <usage_type>test</usage_type>
      <checksum>BDF687C1</checksum>
    </file>
    <file>
      <filename>ExampleModel.osm</filename>
      <filetype>osm</filetype>
      <usage_type>test</usage_type>
      <checksum>7F9DACF4</checksum>
    </file>
    <file>
      <filename>report.html.erb</filename>
      <filetype>erb</filetype>
      <usage_type>resource</usage_type>
      <checksum>6AD259AE</checksum>
    </file>
    <file>
      <filename>ExampleModel_NoExtNoGround.osm</filename>
      <filetype>osm</filetype>
      <usage_type>test</usage_type>
      <checksum>07CE0378</checksum>
    </file>
    <file>
      <filename>ExampleModel_NoLoads_NoOA.osm</filename>
      <filetype>osm</filetype>
      <usage_type>test</usage_type>
      <checksum>CA6A593D</checksum>
    </file>
    <file>
      <filename>os_lib_helper_methods.rb</filename>
      <filetype>rb</filetype>
      <usage_type>resource</usage_type>
      <checksum>9CFC43FB</checksum>
    </file>
    <file>
      <version>
        <software_program>OpenStudio</software_program>
        <identifier>2.0.0</identifier>
        <min_compatible>2.0.0</min_compatible>
      </version>
      <filename>measure.rb</filename>
      <filetype>rb</filetype>
      <usage_type>script</usage_type>
      <checksum>563AA6FC</checksum>
    </file>
    <file>
      <filename>os_lib_reporting_envelope_and_internal_loads_breakdown.rb</filename>
      <filetype>rb</filetype>
      <usage_type>resource</usage_type>
      <checksum>767C180A</checksum>
    </file>
    <file>
      <filename>LICENSE.md</filename>
      <filetype>md</filetype>
      <usage_type>license</usage_type>
      <checksum>9640B6CB</checksum>
    </file>
    <file>
      <filename>README.md.erb</filename>
      <filetype>erb</filetype>
      <usage_type>readmeerb</usage_type>
      <checksum>703C9964</checksum>
    </file>
    <file>
      <filename>README.md</filename>
      <filetype>md</filetype>
      <usage_type>readme</usage_type>
      <checksum>F66552F1</checksum>
    </file>
    <file>
      <filename>EnvelopeAndInternalLoadBreakdown_Test.rb</filename>
      <filetype>rb</filetype>
      <usage_type>test</usage_type>
      <checksum>0A5F1E16</checksum>
    </file>
  </files>
</measure>
