{
  "Aurora": {
    "weather_file_name": "USA_CO_Aurora-Buckley.Field.ANGB.724695_TMY3.epw",
    "climate_zone": "Lookup From Stat File",
    "set_year": 0,
    "use_upstream_args": false,
    "applicable": true
  },
  "Create Zones": {
    "applicable": true
  },
  "Surface Matching Diagnostic": {
    "applicable": true
  },
  "Infiltration": {
    "infiltration_ip": 0.05,
    "material_cost_ip": 0.0,
    "om_cost_ip": 0.0,
    "om_frequency": 1,
    "applicable": true
  },
  "Elec Equip": {
    "material_cost_ip": 0.0,
    "applicable": true
  },
  "Equip Ctrl": {
    "costTotal": 0.0,
    "applicable": true
  },
  "Int Lighting": {
    "material_cost_ip": 0.0,
    "applicable": true
  },
  "Int Lighting Ctrl": {
    "costTotal": 0.0,
    "applicable": true
  },
  "AEDG Office Fenestration and Daylighting Controls": {
    "cost_daylight_glazing": 0.0,
    "cost_view_glazing": 0.0,
    "cost_skylight": 0.0,
    "cost_shading_surface": 0.0,
    "cost_light_shelf": 0.0,
    "applicable": true
  },
  "Ext Wall": {
    "material_cost_insulation_increase_ip": 0.0,
    "applicable": false
  },
  "Ext Door": {
    "material_cost_insulation_increase_ip": 0.0,
    "applicable": false
  },
  "Roof": {
    "material_cost_insulation_increase_ip": 0.0,
    "material_cost_sri_increase_ip": 0.0,
    "applicable": false
  },
  "Int Finishes": {
    "object": "{161a51f0-9700-4aa1-8ba8-f2513d0eecae}",
    "lowerPartitions": true,
    "applicable": true
  },
  "Ext Floor": {
    "material_cost_insulation_increase_ip": 0.0,
    "applicable": false
  },
  "AEDG Office Ext Lighting": {
    "target": "AEDG SmMdOff - Target",
    "lightingZone": "2 - Residential, Mixed Use",
    "facadeLandscapeLighting": 10000.0,
    "parkingDrivesLighting": 10000.0,
    "walkwayPlazaSpecialLighting": 10000.0,
    "costTotalExteriorLights": 0.0,
    "applicable": true
  },
  "Rooftop PV 75": {
    "fraction_of_surface": 0.75,
    "cell_efficiency": 0.18,
    "inverter_efficiency": 0.98,
    "applicable": true
  },
  "SWH": {
    "costTotalSwhSystem": 0.0,
    "numberOfEmployees": 84,
    "applicable": true
  },
  "Set Thermostats": {
    "zones": "{161a51f0-9700-4aa1-8ba8-f2513d0eecae}",
    "cooling_sch": "{2bb04afb-845b-4867-9d2d-1472fea6d60c}",
    "heating_sch": "{ae2902e7-d119-4415-8421-ec789f9e36de}",
    "material_cost": 0.0,
    "applicable": true
  },
  "NZE HVAC": {
    "remove_existing_hvac": true,
    "hvac_system_type": "VRF with DOAS with DCV",
    "hvac_system_partition": "Automatic Partition",
    "applicable": true
  },
  "Tariff Flat": {
    "demand_window_length": "QuarterHour",
    "elec_rate": 0.12,
    "gas_rate": 0.5,
    "water_rate": 0.005,
    "disthtg_rate": 0.2,
    "distclg_rate": 0.2,
    "applicable": true
  },
  "Results": {
    "building_summary_section": true,
    "annual_overview_section": true,
    "monthly_overview_section": true,
    "utility_bills_rates_section": true,
    "envelope_section_section": true,
    "space_type_breakdown_section": true,
    "space_type_details_section": true,
    "interior_lighting_section": true,
    "plug_loads_section": true,
    "exterior_light_section": true,
    "water_use_section": true,
    "hvac_load_profile": true,
    "zone_condition_section": true,
    "zone_summary_section": true,
    "zone_equipment_detail_section": true,
    "air_loops_detail_section": true,
    "plant_loops_detail_section": true,
    "outdoor_air_section": true,
    "cost_summary_section": true,
    "source_energy_section": true,
    "schedules_overview_section": true,
    "standards_gem_version": "0.2.6",
    "workflow_gem_version": "1.3.3",
    "building_name": "n/a",
    "total_site_energy": 407362.3201394606,
    "net_site_energy": -287093.8057429038,
    "total_building_area": 19999.991388871666,
    "total_site_eui": 20.368124776599853,
    "eui": -14.354696467651864,
    "unmet_hours_during_heating": 141.0,
    "unmet_hours_during_cooling": 168.75,
    "unmet_hours_during_occupied_heating": 101.5,
    "unmet_hours_during_occupied_cooling": 168.75,
    "unmet_hours_tolerance_heating": 0.36,
    "unmet_hours_tolerance_cooling": 0.36,
    "end_use_heating": 71759.23417892125,
    "end_use_cooling": 69816.20908227895,
    "end_use_interior_lighting": 56821.63636278337,
    "end_use_exterior_lighting": 25505.75870763137,
    "end_use_interior_equipment": 83066.69242425913,
    "end_use_exterior_equipment": 0.0,
    "end_use_fans": 50167.96017818389,
    "end_use_pumps": 18.956342406266344,
    "end_use_heat_rejection": 0.0,
    "end_use_humidification": 0.0,
    "end_use_heat_recovery": 0.0,
    "end_use_water_systems": 50215.35103419955,
    "end_use_refrigeration": 0.0,
    "end_use_generators": 0.0,
    "fuel_electricity": 357146.9691052611,
    "fuel_natural_gas": 50215.35103419955,
    "fuel_additional_fuel": 0.0,
    "fuel_district_cooling": 0.0,
    "fuel_district_heating": 0.0,
    "end_use_electricity_heating": 21030.555555555555,
    "end_use_electricity_cooling": 20461.111111111113,
    "end_use_electricity_interior_lighting": 16652.777777777777,
    "end_use_electricity_exterior_lighting": 7475.0,
    "end_use_electricity_interior_equipment": 24344.444444444445,
    "end_use_electricity_exterior_equipment": 0.0,
    "end_use_electricity_fans": 14702.77777777778,
    "end_use_electricity_pumps": 5.555555555555555,
    "end_use_electricity_heat_rejection": 0.0,
    "end_use_electricity_humidification": 0.0,
    "end_use_electricity_heat_recovery": 0.0,
    "end_use_electricity_water_systems": 0.0,
    "end_use_electricity_refrigeration": 0.0,
    "end_use_electricity_generators": 0.0,
    "end_use_natural_gas_heating": 0.0,
    "end_use_natural_gas_cooling": 0.0,
    "end_use_natural_gas_interior_lighting": 0.0,
    "end_use_natural_gas_exterior_lighting": 0.0,
    "end_use_natural_gas_interior_equipment": 0.0,
    "end_use_natural_gas_exterior_equipment": 0.0,
    "end_use_natural_gas_fans": 0.0,
    "end_use_natural_gas_pumps": 0.0,
    "end_use_natural_gas_heat_rejection": 0.0,
    "end_use_natural_gas_humidification": 0.0,
    "end_use_natural_gas_heat_recovery": 0.0,
    "end_use_natural_gas_water_systems": 502.2504,
    "end_use_natural_gas_refrigeration": 0.0,
    "end_use_natural_gas_generators": 0.0,
    "electricity_heating_ip": 21031.547143252777,
    "electricity_cooling_ip": 20459.972222222223,
    "electricity_interior_lighting_ip": 16653.475,
    "electricity_exterior_lighting_ip": 7473.652777777778,
    "electricity_interior_equipment_ip": 24343.727777777778,
    "electricity_exterior_equipment_ip": 0.0,
    "electricity_fans_ip": 14701.633333333335,
    "electricity_pumps_ip": 6.527970627777776,
    "electricity_heat_rejection_ip": 0.0,
    "electricity_humidification_ip": 0.0,
    "electricity_heat_recovery_ip": 0.0,
    "electricity_water_systems_ip": 0.0,
    "electricity_refrigeration_ip": 0.0,
    "electricity_generators_ip": 0.0,
    "electricity_ip": 104670.53622499168,
    "natural_gas_heating_ip": 0.0,
    "natural_gas_cooling_ip": 0.0,
    "natural_gas_interior_lighting_ip": 0.0,
    "natural_gas_exterior_lighting_ip": 0.0,
    "natural_gas_interior_equipment_ip": 0.0,
    "natural_gas_exterior_equipment_ip": 0.0,
    "natural_gas_fans_ip": 0.0,
    "natural_gas_pumps_ip": 0.0,
    "natural_gas_heat_rejection_ip": 0.0,
    "natural_gas_humidification_ip": 0.0,
    "natural_gas_heat_recovery_ip": 0.0,
    "natural_gas_water_systems_ip": 50.21327531470606,
    "natural_gas_refrigeration_ip": 0.0,
    "natural_gas_generators_ip": 0.0,
    "natural_gas_ip": 50.21327531470606,
    "additional_fuel_heating_ip": 0.0,
    "additional_fuel_cooling_ip": 0.0,
    "additional_fuel_interior_lighting_ip": 0.0,
    "additional_fuel_exterior_lighting_ip": 0.0,
    "additional_fuel_interior_equipment_ip": 0.0,
    "additional_fuel_exterior_equipment_ip": 0.0,
    "additional_fuel_fans_ip": 0.0,
    "additional_fuel_pumps_ip": 0.0,
    "additional_fuel_heat_rejection_ip": 0.0,
    "additional_fuel_humidification_ip": 0.0,
    "additional_fuel_heat_recovery_ip": 0.0,
    "additional_fuel_water_systems_ip": 0.0,
    "additional_fuel_refrigeration_ip": 0.0,
    "additional_fuel_generators_ip": 0.0,
    "additional_fuel_ip": 0.0,
    "district_cooling_heating_ip": 0.0,
    "district_cooling_cooling_ip": 0.0,
    "district_cooling_interior_lighting_ip": 0.0,
    "district_cooling_exterior_lighting_ip": 0.0,
    "district_cooling_interior_equipment_ip": 0.0,
    "district_cooling_exterior_equipment_ip": 0.0,
    "district_cooling_fans_ip": 0.0,
    "district_cooling_pumps_ip": 0.0,
    "district_cooling_heat_rejection_ip": 0.0,
    "district_cooling_humidification_ip": 0.0,
    "district_cooling_heat_recovery_ip": 0.0,
    "district_cooling_water_systems_ip": 0.0,
    "district_cooling_refrigeration_ip": 0.0,
    "district_cooling_generators_ip": 0.0,
    "district_cooling_ip": 0.0,
    "district_heating_heating_ip": 0.0,
    "district_heating_cooling_ip": 0.0,
    "district_heating_interior_lighting_ip": 0.0,
    "district_heating_exterior_lighting_ip": 0.0,
    "district_heating_interior_equipment_ip": 0.0,
    "district_heating_exterior_equipment_ip": 0.0,
    "district_heating_fans_ip": 0.0,
    "district_heating_pumps_ip": 0.0,
    "district_heating_heat_rejection_ip": 0.0,
    "district_heating_humidification_ip": 0.0,
    "district_heating_heat_recovery_ip": 0.0,
    "district_heating_water_systems_ip": 0.0,
    "district_heating_refrigeration_ip": 0.0,
    "district_heating_generators_ip": 0.0,
    "district_heating_ip": 0.0,
    "water_heating_ip": 0.0,
    "water_cooling_ip": 0.0,
    "water_interior_lighting_ip": 0.0,
    "water_exterior_lighting_ip": 0.0,
    "water_interior_equipment_ip": 0.0,
    "water_exterior_equipment_ip": 0.0,
    "water_fans_ip": 0.0,
    "water_pumps_ip": 0.0,
    "water_heat_rejection_ip": 0.0,
    "water_humidification_ip": 0.0,
    "water_heat_recovery_ip": 0.0,
    "water_water_systems_ip": 0.0,
    "water_refrigeration_ip": 0.0,
    "water_generators_ip": 0.0,
    "water_ip": 0.0,
    "exterior_roof_r_24_51": 10000.000000000002,
    "lightweight_wall_r_25_97": 7317.600000000003,
    "aedg_sm_md_off_daylight_glazing_north": 277.19999999999885,
    "aedg_sm_md_off_daylight_glazing_south": 277.1999999999989,
    "aedg_sm_md_off_view_glazing_east_west": 767.9999999999972,
    "aedg_sm_md_off_view_glazing_north": 600.0000000000003,
    "aedg_sm_md_off_view_glazing_south": 600.0000000000005,
    "gross_window_wall_ratio": 25.63,
    "gross_window_wall_ratio_conditioned": 25.63,
    "skylight_roof_ratio": 0.0,
    "space_type_conference": 1500.0000000000005,
    "space_type_corridor": 2000.0,
    "space_type_data": 200.0,
    "space_type_elevator": 200.0,
    "space_type_lobby": 900.0,
    "space_type_lounge": 300.0,
    "space_type_mech_and_elec": 800.0,
    "space_type_open_office": 7560.000000000002,
    "space_type_private_office": 5040.000000000001,
    "space_type_restroom": 300.0,
    "space_type_stairway": 600.0,
    "space_type_storage": 600.0,
    "exterior_lighting_total_power": 2700.0,
    "exterior_lighting_total_consumption": -84138.88888888889,
    "water_use_equipment_1": 0.17279976449854303,
    "water_use_equipment_2": 0.17279976449854303,
    "inflation_approach": "Constant Dollar",
    "analysis_length": 25,
    "annual_peak_electric_demand": 40.015510000000006,
    "first_year_capital_cost": 0.0,
    "annual_utility_cost": 5540.599999999999,
    "total_lifecycle_cost": 96654.48,
    "applicable": true
  },
  "Envelope and Internal Load Breakdown": {
    "electric_equipment_total_heating_energy_annual": 83064.24106005041,
    "gas_equipment_total_heating_energy_annual": 0.0,
    "zone_lights_total_heating_energy_annual": 56824.009996272536,
    "zone_people_sensible_heating_energy_annual": 200893.7684647764,
    "zone_infiltration_sensible_heat_gain_energy_annual": 2259.3885930248043,
    "surface_window_heat_gain_energy_annual": 155654.22069450177,
    "ext_wall_heat_gain": 102644.6,
    "ext_roof_heat_gain": 7787.8,
    "ground_heat_gain": 2203.0,
    "surface_heat_gain": 112635.3,
    "zone_infiltration_sensible_heat_loss_energy_annual": 110965.04302926235,
    "surface_window_heat_loss_energy_annual": 161620.46157550215,
    "ext_wall_heat_loss": 134798.1,
    "ext_roof_heat_loss": 74290.9,
    "ground_heat_loss": 77427.8,
    "surface_heat_loss": 286516.8,
    "applicable": true
  }
}