<measure>
  <schema_version>3.0</schema_version>
  <name>surface_matching_diagnostic</name>
  <uid>ffb0d487-eb1c-4ca4-b008-4fbb7bf511b2</uid>
  <version_id>c9429b88-6fba-4b18-8f2e-176a3648b6bf</version_id>
  <version_modified>20180501T192448Z</version_modified>
  <xml_checksum>4AA895E2</xml_checksum>
  <class_name>SurfaceMatchingDiagnostic</class_name>
  <display_name>Surface Matching Diagnostic</display_name>
  <description>This will look for surfaces in adjacent spaces with similar geometry and create thermal connections between them.</description>
  <modeler_description>This version loops through one space at a time with info and puts statements to better troubleshot errors seen on some large models.</modeler_description>
  <arguments>
    <argument>
      <name>remove_duplicate_vertices</name>
      <display_name>Remove Duplicate Vertices in the Same Surface</display_name>
      <type>Boolean</type>
      <required>true</required>
      <model_dependent>false</model_dependent>
      <default_value>true</default_value>
      <choices>
        <choice>
          <value>true</value>
          <display_name>true</display_name>
        </choice>
        <choice>
          <value>false</value>
          <display_name>false</display_name>
        </choice>
      </choices>
    </argument>
    <argument>
      <name>remove_collinear_vertices</name>
      <display_name>Remove Collinear Vertices in the Same Surface.</display_name>
      <type>Boolean</type>
      <required>true</required>
      <model_dependent>false</model_dependent>
      <default_value>true</default_value>
      <choices>
        <choice>
          <value>true</value>
          <display_name>true</display_name>
        </choice>
        <choice>
          <value>false</value>
          <display_name>false</display_name>
        </choice>
      </choices>
    </argument>
    <argument>
      <name>remove_duplicate_surfaces</name>
      <display_name>Remove Duplicate Surfaces</display_name>
      <type>Boolean</type>
      <required>true</required>
      <model_dependent>false</model_dependent>
      <default_value>true</default_value>
      <choices>
        <choice>
          <value>true</value>
          <display_name>true</display_name>
        </choice>
        <choice>
          <value>false</value>
          <display_name>false</display_name>
        </choice>
      </choices>
    </argument>
    <argument>
      <name>intersect_surfaces</name>
      <display_name>Intersect Surfaces</display_name>
      <type>Boolean</type>
      <required>true</required>
      <model_dependent>false</model_dependent>
      <default_value>true</default_value>
      <choices>
        <choice>
          <value>true</value>
          <display_name>true</display_name>
        </choice>
        <choice>
          <value>false</value>
          <display_name>false</display_name>
        </choice>
      </choices>
    </argument>
    <argument>
      <name>match_surfaces</name>
      <display_name>Match Surfaces</display_name>
      <type>Boolean</type>
      <required>true</required>
      <model_dependent>false</model_dependent>
      <default_value>true</default_value>
      <choices>
        <choice>
          <value>true</value>
          <display_name>true</display_name>
        </choice>
        <choice>
          <value>false</value>
          <display_name>false</display_name>
        </choice>
      </choices>
    </argument>
  </arguments>
  <outputs/>
  <provenances/>
  <tags>
    <tag>Envelope.Form</tag>
  </tags>
  <attributes>
    <attribute>
      <name>Uses SketchUp API</name>
      <value>false</value>
      <datatype>boolean</datatype>
    </attribute>
    <attribute>
      <name>Measure Type</name>
      <value>ModelMeasure</value>
      <datatype>string</datatype>
    </attribute>
  </attributes>
  <files>
    <file>
      <filename>SurfaceMatching_test.osm</filename>
      <filetype>osm</filetype>
      <usage_type>test</usage_type>
      <checksum>502CE1B3</checksum>
    </file>
    <file>
      <filename>temp_test.osm</filename>
      <filetype>osm</filetype>
      <usage_type>test</usage_type>
      <checksum>A329C342</checksum>
    </file>
    <file>
      <filename>SurfaceMatching_Test.rb</filename>
      <filetype>rb</filetype>
      <usage_type>test</usage_type>
      <checksum>8359EE53</checksum>
    </file>
    <file>
      <version>
        <software_program>OpenStudio</software_program>
        <identifier>2.0.0</identifier>
        <min_compatible>2.0.0</min_compatible>
      </version>
      <filename>measure.rb</filename>
      <filetype>rb</filetype>
      <usage_type>script</usage_type>
      <checksum>3027A44C</checksum>
    </file>
  </files>
</measure>
