<?xml version="1.0"?>
<measure>
  <schema_version>3.0</schema_version>
  <name>aedg_k_12_electric_equipment_controls</name>
  <uid>285bc263-7429-4049-a0ce-f60fabf46eec</uid>
  <version_id>d98faa47-3f28-49b2-8ab3-1bc9e5220776</version_id>
  <version_modified>20200512T201425Z</version_modified>
  <xml_checksum>1F21832E</xml_checksum>
  <class_name>AedgK12ElectricEquipmentControls</class_name>
  <display_name>AedgK12ElectricEquipmentControls</display_name>
  <description>This measure reduces the values associated with electric equipment schedules to simulate reductions due to equipment controls throughout the building. This includes occupancy based outlets or adapters, as well as network or timer based controls. Kitchen equipment controls are not altered by this measure. The kitchen has a dedicated measure of its own which includes equipment controls.</description>
  <modeler_description>This measure is intended to be used on schedules that have not previously been adjusted for advanced controls. If you run this measure multiple times you will end up with more schedule reduction than is appropriate. The schedules used in the OpenStudio templates have not been adjusted for advanced controls, so it is appropriate to run them through this measure to simulation their impact on energy use. This measure applies a reduction of 0.15 to schedule values that are below 0.5 start with, no reduction is applied to values that are at or above 0.5 to start with. As a result the lower the initial fractional value the higher the percentage reduction it will receive. Values won't be lowered to a value below 0.1. Values already below this level will keep their original value.</modeler_description>
  <arguments>
    <argument>
      <name>costTotal</name>
      <display_name>Total cost for all Equipment Controls in the Building ($).</display_name>
      <type>Double</type>
      <required>true</required>
      <model_dependent>false</model_dependent>
      <default_value>0</default_value>
    </argument>
  </arguments>
  <outputs />
  <provenances />
  <tags>
    <tag>Equipment.Equipment Controls</tag>
  </tags>
  <attributes>
    <attribute>
      <name>Measure Type</name>
      <value>ModelMeasure</value>
      <datatype>string</datatype>
    </attribute>
    <attribute>
      <name>Uses SketchUp API</name>
      <value>false</value>
      <datatype>boolean</datatype>
    </attribute>
  </attributes>
  <files>
    <file>
      <filename>SecondarySchoolCustomRef_01_0228.osm</filename>
      <filetype>osm</filetype>
      <usage_type>test</usage_type>
      <checksum>01E83E37</checksum>
    </file>
    <file>
      <filename>README.md.erb</filename>
      <filetype>erb</filetype>
      <usage_type>readmeerb</usage_type>
      <checksum>703C9964</checksum>
    </file>
    <file>
      <filename>README.md</filename>
      <filetype>md</filetype>
      <usage_type>readme</usage_type>
      <checksum>83034D02</checksum>
    </file>
    <file>
      <filename>AedgK12ElectricEquipmentControls_Test.rb</filename>
      <filetype>rb</filetype>
      <usage_type>test</usage_type>
      <checksum>72AE0DF6</checksum>
    </file>
    <file>
      <filename>LICENSE.md</filename>
      <filetype>md</filetype>
      <usage_type>license</usage_type>
      <checksum>E0468DD6</checksum>
    </file>
    <file>
      <version>
        <software_program>OpenStudio</software_program>
        <identifier>2.0.0</identifier>
        <min_compatible>2.8.0</min_compatible>
      </version>
      <filename>measure.rb</filename>
      <filetype>rb</filetype>
      <usage_type>script</usage_type>
      <checksum>AB0FDB10</checksum>
    </file>
    <file>
      <filename>OsLib_AedgMeasures.rb</filename>
      <filetype>rb</filetype>
      <usage_type>resource</usage_type>
      <checksum>8212825C</checksum>
    </file>
  </files>
</measure>
