<measure>
  <schema_version>3.0</schema_version>
  <name>create_baseline_building</name>
  <uid>4de56e21-b6cd-45d9-8466-862507d228b2</uid>
  <version_id>1fe5ae2a-cec5-4a9e-83eb-c4832ee9849e</version_id>
  <version_modified>20170726T205355Z</version_modified>
  <xml_checksum>A514F332</xml_checksum>
  <class_name>CreateBaselineBuilding</class_name>
  <display_name>Create Baseline Building</display_name>
  <description>Creates the Performance Rating Method baseline building.  For 90.1, this is the Appendix G aka LEED Baseline.  For India ECBC, this is the Appendix D Baseline.  Note: for 90.1, this model CANNOT be used for code compliance; it is not the same as the Energy Cost Budget baseline.</description>
  <modeler_description></modeler_description>
  <arguments>
    <argument>
      <name>standard</name>
      <display_name>Standard</display_name>
      <type>Choice</type>
      <required>true</required>
      <model_dependent>false</model_dependent>
      <default_value>90.1-2013</default_value>
      <choices>
        <choice>
          <value>90.1-2007 BETA</value>
          <display_name>90.1-2007 BETA</display_name>
        </choice>
        <choice>
          <value>90.1-2010 BETA</value>
          <display_name>90.1-2010 BETA</display_name>
        </choice>
        <choice>
          <value>90.1-2013</value>
          <display_name>90.1-2013</display_name>
        </choice>
      </choices>
    </argument>
    <argument>
      <name>building_type</name>
      <display_name>Building Type.</display_name>
      <type>Choice</type>
      <required>true</required>
      <model_dependent>false</model_dependent>
      <default_value>SmallOffice</default_value>
      <choices>
        <choice>
          <value>MidriseApartment</value>
          <display_name>MidriseApartment</display_name>
        </choice>
        <choice>
          <value>SecondarySchool</value>
          <display_name>SecondarySchool</display_name>
        </choice>
        <choice>
          <value>PrimarySchool</value>
          <display_name>PrimarySchool</display_name>
        </choice>
        <choice>
          <value>SmallOffice</value>
          <display_name>SmallOffice</display_name>
        </choice>
        <choice>
          <value>MediumOffice</value>
          <display_name>MediumOffice</display_name>
        </choice>
        <choice>
          <value>LargeOffice</value>
          <display_name>LargeOffice</display_name>
        </choice>
        <choice>
          <value>SmallHotel</value>
          <display_name>SmallHotel</display_name>
        </choice>
        <choice>
          <value>LargeHotel</value>
          <display_name>LargeHotel</display_name>
        </choice>
        <choice>
          <value>Warehouse</value>
          <display_name>Warehouse</display_name>
        </choice>
        <choice>
          <value>RetailStandalone</value>
          <display_name>RetailStandalone</display_name>
        </choice>
        <choice>
          <value>RetailStripmall</value>
          <display_name>RetailStripmall</display_name>
        </choice>
        <choice>
          <value>QuickServiceRestaurant</value>
          <display_name>QuickServiceRestaurant</display_name>
        </choice>
        <choice>
          <value>FullServiceRestaurant</value>
          <display_name>FullServiceRestaurant</display_name>
        </choice>
        <choice>
          <value>Hospital</value>
          <display_name>Hospital</display_name>
        </choice>
        <choice>
          <value>Outpatient</value>
          <display_name>Outpatient</display_name>
        </choice>
      </choices>
    </argument>
    <argument>
      <name>climate_zone</name>
      <display_name>Climate Zone.</display_name>
      <type>Choice</type>
      <required>true</required>
      <model_dependent>false</model_dependent>
      <default_value>ASHRAE 169-2006-2A</default_value>
      <choices>
        <choice>
          <value>ASHRAE 169-2006-1A</value>
          <display_name>ASHRAE 169-2006-1A</display_name>
        </choice>
        <choice>
          <value>ASHRAE 169-2006-2A</value>
          <display_name>ASHRAE 169-2006-2A</display_name>
        </choice>
        <choice>
          <value>ASHRAE 169-2006-2B</value>
          <display_name>ASHRAE 169-2006-2B</display_name>
        </choice>
        <choice>
          <value>ASHRAE 169-2006-3A</value>
          <display_name>ASHRAE 169-2006-3A</display_name>
        </choice>
        <choice>
          <value>ASHRAE 169-2006-3B</value>
          <display_name>ASHRAE 169-2006-3B</display_name>
        </choice>
        <choice>
          <value>ASHRAE 169-2006-3C</value>
          <display_name>ASHRAE 169-2006-3C</display_name>
        </choice>
        <choice>
          <value>ASHRAE 169-2006-4A</value>
          <display_name>ASHRAE 169-2006-4A</display_name>
        </choice>
        <choice>
          <value>ASHRAE 169-2006-4B</value>
          <display_name>ASHRAE 169-2006-4B</display_name>
        </choice>
        <choice>
          <value>ASHRAE 169-2006-4C</value>
          <display_name>ASHRAE 169-2006-4C</display_name>
        </choice>
        <choice>
          <value>ASHRAE 169-2006-5A</value>
          <display_name>ASHRAE 169-2006-5A</display_name>
        </choice>
        <choice>
          <value>ASHRAE 169-2006-5B</value>
          <display_name>ASHRAE 169-2006-5B</display_name>
        </choice>
        <choice>
          <value>ASHRAE 169-2006-6A</value>
          <display_name>ASHRAE 169-2006-6A</display_name>
        </choice>
        <choice>
          <value>ASHRAE 169-2006-6B</value>
          <display_name>ASHRAE 169-2006-6B</display_name>
        </choice>
        <choice>
          <value>ASHRAE 169-2006-7A</value>
          <display_name>ASHRAE 169-2006-7A</display_name>
        </choice>
        <choice>
          <value>ASHRAE 169-2006-8A</value>
          <display_name>ASHRAE 169-2006-8A</display_name>
        </choice>
      </choices>
    </argument>
    <argument>
      <name>custom</name>
      <display_name>Customization</display_name>
      <description>If selected, some of the standard process will be replaced by custom logic specific to particular programs.  If these do not apply to you, select None.</description>
      <type>Choice</type>
      <required>true</required>
      <model_dependent>false</model_dependent>
      <default_value>*None*</default_value>
      <choices>
        <choice>
          <value>Xcel Energy CO EDA</value>
          <display_name>Xcel Energy CO EDA</display_name>
        </choice>
        <choice>
          <value>*None*</value>
          <display_name>*None*</display_name>
        </choice>
      </choices>
    </argument>
    <argument>
      <name>debug</name>
      <display_name>Show debug messages?</display_name>
      <type>Boolean</type>
      <required>true</required>
      <model_dependent>false</model_dependent>
      <default_value>false</default_value>
      <choices>
        <choice>
          <value>true</value>
          <display_name>true</display_name>
        </choice>
        <choice>
          <value>false</value>
          <display_name>false</display_name>
        </choice>
      </choices>
    </argument>
  </arguments>
  <outputs/>
  <provenances/>
  <tags>
    <tag>Whole Building.Space Types</tag>
  </tags>
  <attributes>
    <attribute>
      <name>Uses SketchUp API</name>
      <value>false</value>
      <datatype>boolean</datatype>
    </attribute>
    <attribute>
      <name>Measure Type</name>
      <value>ModelMeasure</value>
      <datatype>string</datatype>
    </attribute>
  </attributes>
  <files>
    <file>
      <filename>SmallOffice-90.1-2007-ASHRAE 169-2006-2A.osm</filename>
      <filetype>osm</filetype>
      <usage_type>test</usage_type>
      <checksum>6BED784B</checksum>
    </file>
    <file>
      <filename>SecondarySchool-DOE Ref Pre-1980-ASHRAE 169-2006-2A.osm</filename>
      <filetype>osm</filetype>
      <usage_type>test</usage_type>
      <checksum>F8619A70</checksum>
    </file>
    <file>
      <version>
        <software_program>OpenStudio</software_program>
        <identifier>1.13.0</identifier>
        <min_compatible>1.13.0</min_compatible>
      </version>
      <filename>measure.rb</filename>
      <filetype>rb</filetype>
      <usage_type>script</usage_type>
      <checksum>CE03F370</checksum>
    </file>
    <file>
      <filename>create_baseline_building_test.rb</filename>
      <filetype>rb</filetype>
      <usage_type>test</usage_type>
      <checksum>AD92BD54</checksum>
    </file>
    <file>
      <filename>create_baseline.log</filename>
      <filetype>log</filetype>
      <usage_type>test</usage_type>
      <checksum>A38E0995</checksum>
    </file>
  </files>
</measure>
