<?xml version="1.0"?>
<measure>
  <schema_version>3.0</schema_version>
  <name>aedg_small_to_medium_office_interior_lighting</name>
  <uid>e1e16b8f-5cbf-447c-9f76-7fe69b3cf01e</uid>
  <version_id>fe48650c-2b23-4aab-af3d-8e1532a358ef</version_id>
  <version_modified>20200512T201424Z</version_modified>
  <xml_checksum>2DDDDD82</xml_checksum>
  <class_name>AedgSmallToMediumOfficeInteriorLighting</class_name>
  <display_name>AedgSmallToMediumOfficeInteriorLighting</display_name>
  <description>This measure removes all existing lighting objects from spaces recognized as primary or secondary school space types. New lighting will be added based on the 50% Small to Medium Office AEDG recommendations.</description>
  <modeler_description>Lighting in un-recognized spaces will be left alone. This measure will attempt to retain schedules from the initial model. If the initial model contained multiple lights associated with multiple schedules, then one of those schedules will be picked for the new lights.</modeler_description>
  <arguments>
    <argument>
      <name>material_cost_ip</name>
      <display_name>Material and Installation Costs for Lights per Floor Area ($/ft^2).</display_name>
      <type>Double</type>
      <required>true</required>
      <model_dependent>false</model_dependent>
      <default_value>0</default_value>
    </argument>
  </arguments>
  <outputs />
  <provenances />
  <tags>
    <tag>Electric Lighting.Lighting Equipment</tag>
  </tags>
  <attributes>
    <attribute>
      <name>Measure Type</name>
      <value>ModelMeasure</value>
      <datatype>string</datatype>
    </attribute>
    <attribute>
      <name>Uses SketchUp API</name>
      <value>false</value>
      <datatype>boolean</datatype>
    </attribute>
  </attributes>
  <files>
    <file>
      <filename>BasicOfficeWithOnePlenumFloor.osm</filename>
      <filetype>osm</filetype>
      <usage_type>test</usage_type>
      <checksum>B8BD0491</checksum>
    </file>
    <file>
      <filename>README.md.erb</filename>
      <filetype>erb</filetype>
      <usage_type>readmeerb</usage_type>
      <checksum>703C9964</checksum>
    </file>
    <file>
      <filename>README.md</filename>
      <filetype>md</filetype>
      <usage_type>readme</usage_type>
      <checksum>D1FAA041</checksum>
    </file>
    <file>
      <filename>AedgSmallToMediumOfficeInteriorLighting_Test.rb</filename>
      <filetype>rb</filetype>
      <usage_type>test</usage_type>
      <checksum>CC5312DB</checksum>
    </file>
    <file>
      <filename>LICENSE.md</filename>
      <filetype>md</filetype>
      <usage_type>license</usage_type>
      <checksum>E0468DD6</checksum>
    </file>
    <file>
      <version>
        <software_program>OpenStudio</software_program>
        <identifier>2.0.0</identifier>
        <min_compatible>2.8.0</min_compatible>
      </version>
      <filename>measure.rb</filename>
      <filetype>rb</filetype>
      <usage_type>script</usage_type>
      <checksum>20C210F3</checksum>
    </file>
    <file>
      <filename>OsLib_AedgMeasures.rb</filename>
      <filetype>rb</filetype>
      <usage_type>resource</usage_type>
      <checksum>F1FB3610</checksum>
    </file>
  </files>
</measure>
