<measure>
  <schema_version>3.0</schema_version>
  <name>zedgvrf_with_doas</name>
  <uid>633b8efc-7bcb-4aa0-8821-d0ee08f960db</uid>
  <version_id>f46d05e8-104f-4249-9ebf-9af11f910b2a</version_id>
  <version_modified>20181005T172019Z</version_modified>
  <xml_checksum>87BA8B1E</xml_checksum>
  <class_name>ZEDGVRFWithDOAS</class_name>
  <display_name>ZEDG VRF with DOAS</display_name>
  <description>Adds VRF system with multiple indoor units connected to an outdoor unit.</description>
  <modeler_description>Multiple units allows for capacity variation and simultaneous heating and cooling. Each zone in the model was served by a VRF indoor terminal unit and the DOAS. Performance curves for the outdoor terminal unit entered into the model with a resistive defrost and heat recovery. Kitchen, gym and the cafeteria were served by their own outdoor units.
  </modeler_description>
  <arguments>
    <argument>
      <name>ceilingReturnPlenumSpaceType</name>
      <display_name>This space type should be part of a ceiling return air plenum.</display_name>
      <type>Choice</type>
      <required>false</required>
      <model_dependent>false</model_dependent>
    </argument>
    <argument>
      <name>costTotalHVACSystem</name>
      <display_name>Total Cost for HVAC System ($).</display_name>
      <type>Double</type>
      <required>true</required>
      <model_dependent>false</model_dependent>
      <default_value>0</default_value>
    </argument>
    <argument>
      <name>remake_schedules</name>
      <display_name>Apply recommended availability and ventilation schedules for air handlers?</display_name>
      <type>Boolean</type>
      <required>true</required>
      <model_dependent>false</model_dependent>
      <default_value>true</default_value>
      <choices>
        <choice>
          <value>true</value>
          <display_name>true</display_name>
        </choice>
        <choice>
          <value>false</value>
          <display_name>false</display_name>
        </choice>
      </choices>
    </argument>
  </arguments>
  <outputs/>
  <provenances/>
  <tags>
    <tag>HVAC.Whole System</tag>
  </tags>
  <attributes>
    <attribute>
      <name>Uses SketchUp API</name>
      <value>false</value>
      <datatype>boolean</datatype>
    </attribute>
    <attribute>
      <name>Measure Type</name>
      <value>ModelMeasure</value>
      <datatype>string</datatype>
    </attribute>
  </attributes>
  <files>
    <file>
      <filename>AEDG_HVAC_GenericTestModel_0225_a.osm</filename>
      <filetype>osm</filetype>
      <usage_type>test</usage_type>
      <checksum>ED45BF2B</checksum>
    </file>
    <file>
      <filename>test.osm</filename>
      <filetype>osm</filetype>
      <usage_type>test</usage_type>
      <checksum>9D7EFAB2</checksum>
    </file>
    <file>
      <filename>measure_Test.rb</filename>
      <filetype>rb</filetype>
      <usage_type>test</usage_type>
      <checksum>9A7A2B53</checksum>
    </file>
    <file>
      <filename>VRF_AC.osc</filename>
      <filetype>osc</filetype>
      <usage_type>resource</usage_type>
      <checksum>B44F5D91</checksum>
    </file>
    <file>
      <filename>VRF_Terminal.osc</filename>
      <filetype>osc</filetype>
      <usage_type>resource</usage_type>
      <checksum>49418453</checksum>
    </file>
    <file>
      <filename>OsLib_AedgMeasures.rb</filename>
      <filetype>rb</filetype>
      <usage_type>resource</usage_type>
      <checksum>9D51CDB6</checksum>
    </file>
    <file>
      <filename>os_lib_constructions.rb</filename>
      <filetype>rb</filetype>
      <usage_type>resource</usage_type>
      <checksum>B24DDC22</checksum>
    </file>
    <file>
      <filename>os_lib_geometry.rb</filename>
      <filetype>rb</filetype>
      <usage_type>resource</usage_type>
      <checksum>3D17299B</checksum>
    </file>
    <file>
      <filename>os_lib_helper_methods.rb</filename>
      <filetype>rb</filetype>
      <usage_type>resource</usage_type>
      <checksum>9CFC43FB</checksum>
    </file>
    <file>
      <filename>os_lib_lighting_and_equipment.rb</filename>
      <filetype>rb</filetype>
      <usage_type>resource</usage_type>
      <checksum>E63C7739</checksum>
    </file>
    <file>
      <filename>os_lib_schedules.rb</filename>
      <filetype>rb</filetype>
      <usage_type>resource</usage_type>
      <checksum>5F1CEF3A</checksum>
    </file>
    <file>
      <filename>measure.rb</filename>
      <filetype>rb</filetype>
      <usage_type></usage_type>
      <checksum>290541A5</checksum>
    </file>
    <file>
      <filename>OsLib_HVAC_zedg_vrf.rb</filename>
      <filetype>rb</filetype>
      <usage_type>resource</usage_type>
      <checksum>CC98EFB5</checksum>
    </file>
    <file>
      <filename>LICENSE.md</filename>
      <filetype>md</filetype>
      <usage_type>license</usage_type>
      <checksum>9640B6CB</checksum>
    </file>
    <file>
      <filename>README.md.erb</filename>
      <filetype>erb</filetype>
      <usage_type>readmeerb</usage_type>
      <checksum>703C9964</checksum>
    </file>
    <file>
      <filename>README.md</filename>
      <filetype>md</filetype>
      <usage_type>readme</usage_type>
      <checksum>8F22CB1F</checksum>
    </file>
  </files>
</measure>
