<?xml version="1.0"?>
<measure>
  <schema_version>3.0</schema_version>
  <name>zedgk_12_envelope_infiltration</name>
  <uid>e6232b68-8c72-4986-8693-84c0fe1d00ec</uid>
  <version_id>677dc885-5118-45c0-9416-899da653c1a9</version_id>
  <version_modified>20200401T014101Z</version_modified>
  <xml_checksum>F85A5EF9</xml_checksum>
  <class_name>ZEDGK12EnvelopeInfiltration</class_name>
  <display_name>ZEDG K12 Envelope Infiltration</display_name>
  <description>This measure addresses total building infiltration values.</description>
  <modeler_description>This measure will remove all existing infiltration objects and then adds new infiltration.</modeler_description>
  <arguments>
    <argument>
      <name>costTotalEnvelopeInfiltration</name>
      <display_name>Total cost for all Envelope Improvements ($).</display_name>
      <type>Double</type>
      <required>true</required>
      <model_dependent>false</model_dependent>
      <default_value>0</default_value>
    </argument>
  </arguments>
  <outputs />
  <provenances />
  <tags>
    <tag>Envelope.Infiltration</tag>
  </tags>
  <attributes>
    <attribute>
      <name>Uses SketchUp API</name>
      <value>false</value>
      <datatype>boolean</datatype>
    </attribute>
    <attribute>
      <name>Measure Type</name>
      <value>ModelMeasure</value>
      <datatype>string</datatype>
    </attribute>
  </attributes>
  <files>
    <file>
      <filename>0221_SimpleSchool_g_123_dev.osm</filename>
      <filetype>osm</filetype>
      <usage_type>test</usage_type>
      <checksum>D65909A0</checksum>
    </file>
    <file>
      <filename>BoxProfileTest.osm</filename>
      <filetype>osm</filetype>
      <usage_type>test</usage_type>
      <checksum>A29448E6</checksum>
    </file>
    <file>
      <filename>CurveProfileTest.osm</filename>
      <filetype>osm</filetype>
      <usage_type>test</usage_type>
      <checksum>E0F92132</checksum>
    </file>
    <file>
      <filename>test.osm</filename>
      <filetype>osm</filetype>
      <usage_type>test</usage_type>
      <checksum>B48D40D6</checksum>
    </file>
    <file>
      <filename>README.md.erb</filename>
      <filetype>erb</filetype>
      <usage_type>readmeerb</usage_type>
      <checksum>703C9964</checksum>
    </file>
    <file>
      <filename>README.md</filename>
      <filetype>md</filetype>
      <usage_type>readme</usage_type>
      <checksum>832CE6E3</checksum>
    </file>
    <file>
      <filename>LICENSE.md</filename>
      <filetype>md</filetype>
      <usage_type>license</usage_type>
      <checksum>E0468DD6</checksum>
    </file>
    <file>
      <filename>OsLib_AedgMeasures.rb</filename>
      <filetype>rb</filetype>
      <usage_type>resource</usage_type>
      <checksum>9600927D</checksum>
    </file>
    <file>
      <filename>measure_Test.rb</filename>
      <filetype>rb</filetype>
      <usage_type>test</usage_type>
      <checksum>332F5D3E</checksum>
    </file>
    <file>
      <version>
        <software_program>OpenStudio</software_program>
        <identifier>2.0.0</identifier>
        <min_compatible>2.8.0</min_compatible>
      </version>
      <filename>measure.rb</filename>
      <filetype>rb</filetype>
      <usage_type>script</usage_type>
      <checksum>22E7D268</checksum>
    </file>
  </files>
</measure>
