<measure>
  <schema_version>3.0</schema_version>
  <name>zedgk_12_envelope_infiltration</name>
  <uid>e6232b68-8c72-4986-8693-84c0fe1d00ec</uid>
  <version_id>6d7d0933-7354-4234-857b-6bff931d6b07</version_id>
  <version_modified>20181005T172018Z</version_modified>
  <xml_checksum>F85A5EF9</xml_checksum>
  <class_name>ZEDGK12EnvelopeInfiltration</class_name>
  <display_name>ZEDG K12 Envelope Infiltration</display_name>
  <description>This measure addresses total building infiltration values.</description>
  <modeler_description>This measure will remove all existing infiltration objects and then adds new infiltration.</modeler_description>
  <arguments>
    <argument>
      <name>costTotalEnvelopeInfiltration</name>
      <display_name>Total cost for all Envelope Improvements ($).</display_name>
      <type>Double</type>
      <required>true</required>
      <model_dependent>false</model_dependent>
      <default_value>0</default_value>
    </argument>
  </arguments>
  <outputs/>
  <provenances/>
  <tags>
    <tag>Envelope.Infiltration</tag>
  </tags>
  <attributes>
    <attribute>
      <name>Uses SketchUp API</name>
      <value>false</value>
      <datatype>boolean</datatype>
    </attribute>
    <attribute>
      <name>Measure Type</name>
      <value>ModelMeasure</value>
      <datatype>string</datatype>
    </attribute>
  </attributes>
  <files>
    <file>
      <filename>0221_SimpleSchool_g_123_dev.osm</filename>
      <filetype>osm</filetype>
      <usage_type>test</usage_type>
      <checksum>D65909A0</checksum>
    </file>
    <file>
      <filename>BoxProfileTest.osm</filename>
      <filetype>osm</filetype>
      <usage_type>test</usage_type>
      <checksum>A29448E6</checksum>
    </file>
    <file>
      <filename>CurveProfileTest.osm</filename>
      <filetype>osm</filetype>
      <usage_type>test</usage_type>
      <checksum>E0F92132</checksum>
    </file>
    <file>
      <filename>test.osm</filename>
      <filetype>osm</filetype>
      <usage_type>test</usage_type>
      <checksum>B48D40D6</checksum>
    </file>
    <file>
      <filename>measure_Test.rb</filename>
      <filetype>rb</filetype>
      <usage_type>test</usage_type>
      <checksum>23899A38</checksum>
    </file>
    <file>
      <filename>OsLib_AedgMeasures.rb</filename>
      <filetype>rb</filetype>
      <usage_type>resource</usage_type>
      <checksum>11D7CBF2</checksum>
    </file>
    <file>
      <version>
        <software_program>OpenStudio</software_program>
        <identifier>2.0.0</identifier>
        <min_compatible>2.0.0</min_compatible>
      </version>
      <filename>measure.rb</filename>
      <filetype>rb</filetype>
      <usage_type>script</usage_type>
      <checksum>57F53A74</checksum>
    </file>
    <file>
      <filename>os_lib_helper_methods.rb</filename>
      <filetype>rb</filetype>
      <usage_type>resource</usage_type>
      <checksum>9CFC43FB</checksum>
    </file>
    <file>
      <filename>os_lib_outdoorair_and_infiltration.rb</filename>
      <filetype>rb</filetype>
      <usage_type>resource</usage_type>
      <checksum>EDB9B44D</checksum>
    </file>
    <file>
      <filename>os_lib_schedules.rb</filename>
      <filetype>rb</filetype>
      <usage_type>resource</usage_type>
      <checksum>5F1CEF3A</checksum>
    </file>
    <file>
      <filename>LICENSE.md</filename>
      <filetype>md</filetype>
      <usage_type>license</usage_type>
      <checksum>9640B6CB</checksum>
    </file>
    <file>
      <filename>README.md.erb</filename>
      <filetype>erb</filetype>
      <usage_type>readmeerb</usage_type>
      <checksum>703C9964</checksum>
    </file>
    <file>
      <filename>README.md</filename>
      <filetype>md</filetype>
      <usage_type>readme</usage_type>
      <checksum>832CE6E3</checksum>
    </file>
  </files>
</measure>
