<?xml version="1.0"?>
<measure>
  <schema_version>3.0</schema_version>
  <name>aedg_k_12_interior_lighting_controls</name>
  <uid>9f395ee4-5f82-4ca6-8a50-cb854893827e</uid>
  <version_id>4ba4ba11-e49b-42b3-84f8-abc22063233f</version_id>
  <version_modified>20200512T201424Z</version_modified>
  <xml_checksum>9B7BB4D8</xml_checksum>
  <class_name>AedgK12InteriorLightingControls</class_name>
  <display_name>AedgK12InteriorLightingControls</display_name>
  <description>This measure reduces the values associated with lighting schedules to simulate reductions due to vacancy sensors throughout the building.</description>
  <modeler_description>This measure is intended to be used on schedules that have not previously been adjusted for advanced controls. If you run this measure multiple times you will end up with more schedule reduction than is appropriate. The schedules used in the OpenStudio templates have not been adjusted for vacancy controls, so it is appropriate to run them through this measure to simulation their impact on energy use. This measure applies a 15% reduction to the fractional schedule values.</modeler_description>
  <arguments>
    <argument>
      <name>costTotal</name>
      <display_name>Total cost for all Lighting Controls in the Building ($).</display_name>
      <type>Double</type>
      <required>true</required>
      <model_dependent>false</model_dependent>
      <default_value>0</default_value>
    </argument>
  </arguments>
  <outputs />
  <provenances />
  <tags>
    <tag>Electric Lighting.Electric Lighting Controls</tag>
  </tags>
  <attributes>
    <attribute>
      <name>Measure Type</name>
      <value>ModelMeasure</value>
      <datatype>string</datatype>
    </attribute>
    <attribute>
      <name>Uses SketchUp API</name>
      <value>false</value>
      <datatype>boolean</datatype>
    </attribute>
  </attributes>
  <files>
    <file>
      <filename>SecondarySchoolCustomRef_01_0228.osm</filename>
      <filetype>osm</filetype>
      <usage_type>test</usage_type>
      <checksum>01E83E37</checksum>
    </file>
    <file>
      <filename>README.md.erb</filename>
      <filetype>erb</filetype>
      <usage_type>readmeerb</usage_type>
      <checksum>703C9964</checksum>
    </file>
    <file>
      <filename>README.md</filename>
      <filetype>md</filetype>
      <usage_type>readme</usage_type>
      <checksum>2BCB724E</checksum>
    </file>
    <file>
      <filename>AedgK12InteriorLightingControls_Test.rb</filename>
      <filetype>rb</filetype>
      <usage_type>test</usage_type>
      <checksum>8F55FBB0</checksum>
    </file>
    <file>
      <filename>LICENSE.md</filename>
      <filetype>md</filetype>
      <usage_type>license</usage_type>
      <checksum>E0468DD6</checksum>
    </file>
    <file>
      <version>
        <software_program>OpenStudio</software_program>
        <identifier>2.0.0</identifier>
        <min_compatible>2.8.0</min_compatible>
      </version>
      <filename>measure.rb</filename>
      <filetype>rb</filetype>
      <usage_type>script</usage_type>
      <checksum>D50DD7CE</checksum>
    </file>
    <file>
      <filename>OsLib_AedgMeasures.rb</filename>
      <filetype>rb</filetype>
      <usage_type>resource</usage_type>
      <checksum>8212825C</checksum>
    </file>
  </files>
</measure>
