<?xml version="1.0"?>
<measure>
  <schema_version>3.0</schema_version>
  <name>aedg_small_to_medium_office_exterior_lighting</name>
  <uid>90211a9c-de3f-458d-85c1-b40666b55f06</uid>
  <version_id>e1071bda-409d-4525-8fc6-4fc9630a9c9f</version_id>
  <version_modified>20200401T014102Z</version_modified>
  <xml_checksum>2DDDDD82</xml_checksum>
  <class_name>AedgSmallToMediumOfficeExteriorLighting</class_name>
  <display_name>AedgSmallToMediumOfficeExteriorLighting</display_name>
  <description>This measure will create exterior lights objects in four different categories described below. The lighting levels and controls will be based on the "How to Implement Recommendations" section in the AEDG; any existing exterior lighting will be removed. A special input is needed for this measure to define the exterior lighting zone, which further describes whether the site is urban or rural. </description>
  <modeler_description>Provide an area or dimensions as input for each of the exterior lighting categories described below. 





- Facade and landscape lighting





- Parking lots and drives





- Walkways, plaza, and special features areas





- All other exterior lighting





    





Lighting Zones:





0 - Undeveloped areas within national parks, state parks, forest land, rural areas, and other undeveloped areas as defined by the authority having jurisdiction (no lighting recommendations)





1 - Developed areas of national parks, state parks, forest land, and rural areas (no lighting recommendations)





2 - Areas predominantly consisting of residential zoning, neighborhood business districts, light industrial with limited nighttime use and residential mixed use areas





3 - All other areas





4 - High activity commercial districts in major metropolitan areas as designated by the local jurisdiction</modeler_description>
  <arguments>
    <argument>
      <name>target</name>
      <display_name>Exterior Lighting Target Performance</display_name>
      <type>Choice</type>
      <required>true</required>
      <model_dependent>false</model_dependent>
      <default_value>AEDG SmMdOff - Target</default_value>
      <choices>
        <choice>
          <value>AEDG SmMdOff - Baseline</value>
          <display_name>AEDG SmMdOff - Baseline</display_name>
        </choice>
        <choice>
          <value>AEDG SmMdOff - Target</value>
          <display_name>AEDG SmMdOff - Target</display_name>
        </choice>
      </choices>
    </argument>
    <argument>
      <name>lightingZone</name>
      <display_name>Exterior Lighting Zone</display_name>
      <type>Choice</type>
      <required>true</required>
      <model_dependent>false</model_dependent>
      <default_value>2 - Residential, Mixed Use</default_value>
      <choices>
        <choice>
          <value>2 - Residential, Mixed Use</value>
          <display_name>2 - Residential, Mixed Use</display_name>
        </choice>
        <choice>
          <value>3 - All Other Areas</value>
          <display_name>3 - All Other Areas</display_name>
        </choice>
        <choice>
          <value>4 - High Activity Commercial</value>
          <display_name>4 - High Activity Commercial</display_name>
        </choice>
      </choices>
    </argument>
    <argument>
      <name>facadeLandscapeLighting</name>
      <display_name>Wall Coverage Area for Decorative Facade Lighting (ft^2)</display_name>
      <type>Double</type>
      <required>true</required>
      <model_dependent>false</model_dependent>
      <default_value>0</default_value>
    </argument>
    <argument>
      <name>parkingDrivesLighting</name>
      <display_name>Ground Coverage Area for Parking Lots and Drives Lighting (ft^2)</display_name>
      <type>Double</type>
      <required>true</required>
      <model_dependent>false</model_dependent>
      <default_value>0</default_value>
    </argument>
    <argument>
      <name>walkwayPlazaSpecialLighting</name>
      <display_name>Gound Coverage Area for Walkway and Plaza Lighting (ft^2)</display_name>
      <type>Double</type>
      <required>true</required>
      <model_dependent>false</model_dependent>
      <default_value>0</default_value>
    </argument>
    <argument>
      <name>costTotalExteriorLights</name>
      <display_name>Total cost for all Exterior Lighting ($).</display_name>
      <type>Double</type>
      <required>true</required>
      <model_dependent>false</model_dependent>
      <default_value>0</default_value>
    </argument>
  </arguments>
  <outputs />
  <provenances />
  <tags>
    <tag>Electric Lighting.Lighting Equipment</tag>
  </tags>
  <attributes>
    <attribute>
      <name>Measure Type</name>
      <value>ModelMeasure</value>
      <datatype>string</datatype>
    </attribute>
    <attribute>
      <name>Uses SketchUp API</name>
      <value>false</value>
      <datatype>boolean</datatype>
    </attribute>
  </attributes>
  <files>
    <file>
      <filename>0210_SimpleSchool_d_123_dev.osm</filename>
      <filetype>osm</filetype>
      <usage_type>test</usage_type>
      <checksum>852D9F96</checksum>
    </file>
    <file>
      <filename>README.md.erb</filename>
      <filetype>erb</filetype>
      <usage_type>readmeerb</usage_type>
      <checksum>703C9964</checksum>
    </file>
    <file>
      <filename>README.md</filename>
      <filetype>md</filetype>
      <usage_type>readme</usage_type>
      <checksum>0086C49B</checksum>
    </file>
    <file>
      <filename>OsLib_AedgMeasures.rb</filename>
      <filetype>rb</filetype>
      <usage_type>resource</usage_type>
      <checksum>EDB45706</checksum>
    </file>
    <file>
      <filename>LICENSE.md</filename>
      <filetype>md</filetype>
      <usage_type>license</usage_type>
      <checksum>E0468DD6</checksum>
    </file>
    <file>
      <filename>AedgSmallToMediumOfficeExteriorLighting_Test.rb</filename>
      <filetype>rb</filetype>
      <usage_type>test</usage_type>
      <checksum>B98ADCF3</checksum>
    </file>
    <file>
      <version>
        <software_program>OpenStudio</software_program>
        <identifier>2.0.0</identifier>
        <min_compatible>2.8.0</min_compatible>
      </version>
      <filename>measure.rb</filename>
      <filetype>rb</filetype>
      <usage_type>script</usage_type>
      <checksum>3B3114F4</checksum>
    </file>
  </files>
</measure>
