<measure>
  <schema_version>3.0</schema_version>
  <name>zedgk_12_insert_ground_domain_e_kusdua</name>
  <uid>aa8123f0-4d04-4141-8a00-8a2bccf30315</uid>
  <version_id>b81fef0d-dc3f-4ec8-980c-b65f7815824d</version_id>
  <version_modified>20181005T172019Z</version_modified>
  <xml_checksum>80A956BE</xml_checksum>
  <class_name>ZEDGK12InsertGroundDomainEKusdua</class_name>
  <display_name>ZEDG K12 Insert Ground Domain E+ Kusdua</display_name>
  <description>Measure to insert the EnergyPlus Site:GroundDomain:Slab object into the model and, when recommended, horizontal and vertical insulation.</description>
  <modeler_description>This will add code to lookup pre-calculated inputs for specific cities</modeler_description>
  <arguments>
    <argument>
      <name>min_warmup_days</name>
      <display_name>Set Minimum Number of Warmup Days</display_name>
      <description>Longer warmup period with this measure will provide more consistent ground modeling.</description>
      <type>Double</type>
      <required>true</required>
      <model_dependent>false</model_dependent>
      <default_value>120</default_value>
    </argument>
  </arguments>
  <outputs/>
  <provenances/>
  <tags>
    <tag>Envelope.Form</tag>
  </tags>
  <attributes>
    <attribute>
      <name>Intended Software Tool</name>
      <value>Analysis Spreadsheet</value>
      <datatype>string</datatype>
    </attribute>
    <attribute>
      <name>Intended Use Case</name>
      <value>Model Articulation</value>
      <datatype>string</datatype>
    </attribute>
    <attribute>
      <name>Intended Use Case</name>
      <value>Calibration</value>
      <datatype>string</datatype>
    </attribute>
    <attribute>
      <name>Intended Use Case</name>
      <value>Sensitivity Analysis</value>
      <datatype>string</datatype>
    </attribute>
    <attribute>
      <name>Intended Use Case</name>
      <value>New Construction EE</value>
      <datatype>string</datatype>
    </attribute>
    <attribute>
      <name>Measure Type</name>
      <value>EnergyPlusMeasure</value>
      <datatype>string</datatype>
    </attribute>
    <attribute>
      <name>Intended Software Tool</name>
      <value>Analysis Spreadsheet</value>
      <datatype>string</datatype>
    </attribute>
    <attribute>
      <name>Intended Use Case</name>
      <value>Model Articulation</value>
      <datatype>string</datatype>
    </attribute>
    <attribute>
      <name>Intended Use Case</name>
      <value>Calibration</value>
      <datatype>string</datatype>
    </attribute>
    <attribute>
      <name>Intended Use Case</name>
      <value>Sensitivity Analysis</value>
      <datatype>string</datatype>
    </attribute>
    <attribute>
      <name>Intended Use Case</name>
      <value>New Construction EE</value>
      <datatype>string</datatype>
    </attribute>
  </attributes>
  <files>
    <file>
      <filename>example_model.osm</filename>
      <filetype>osm</filetype>
      <usage_type>test</usage_type>
      <checksum>2E5660B7</checksum>
    </file>
    <file>
      <filename>example_model3A.osm</filename>
      <filetype>osm</filetype>
      <usage_type>test</usage_type>
      <checksum>1385D308</checksum>
    </file>
    <file>
      <version>
        <software_program>OpenStudio</software_program>
        <identifier>2.0.0</identifier>
        <min_compatible>2.0.0</min_compatible>
      </version>
      <filename>measure.rb</filename>
      <filetype>rb</filetype>
      <usage_type>script</usage_type>
      <checksum>A487D2E4</checksum>
    </file>
    <file>
      <filename>measure_Test.rb</filename>
      <filetype>rb</filetype>
      <usage_type>test</usage_type>
      <checksum>811D2B97</checksum>
    </file>
    <file>
      <filename>LICENSE.md</filename>
      <filetype>md</filetype>
      <usage_type>license</usage_type>
      <checksum>9640B6CB</checksum>
    </file>
    <file>
      <filename>README.md.erb</filename>
      <filetype>erb</filetype>
      <usage_type>readmeerb</usage_type>
      <checksum>703C9964</checksum>
    </file>
    <file>
      <filename>README.md</filename>
      <filetype>md</filetype>
      <usage_type>readme</usage_type>
      <checksum>3E246ACE</checksum>
    </file>
  </files>
</measure>
