<measure>
  <schema_version>3.0</schema_version>
  <name>aedg_small_to_medium_office_electric_equipment_controls</name>
  <uid>b297ea8a-d21f-416b-8b41-3dfc99b430cf</uid>
  <version_id>01f87e1d-7578-44f9-819e-dff516edd3b4</version_id>
  <version_modified>20180705T164206Z</version_modified>
  <xml_checksum>1F21832E</xml_checksum>
  <class_name>AedgSmallToMediumOfficeElectricEquipmentControls</class_name>
  <display_name>AedgSmallToMediumOfficeElectricEquipmentControls</display_name>
  <description>This measure reduces the values associated with electric equipment schedules to simulate reductions due to equipment controls throughout the building. This includes occupancy based outlets or adapters, as well as network or timer based controls.</description>
  <modeler_description>This measure is intended to be used on schedules that have not previously been adjusted for advanced controls. If you run this measure multiple times you will end up with more schedule reduction than is appropriate. The schedules used in the OpenStudio templates have not been adjusted for advanced controls, so it is appropriate to run them through this measure to simulation their impact on energy use. This measure applies a reduction of 0.1 to schedule values that are below 0.5 start with, and a reduction of 0.05 to values that are at or above 0.5 to start with. As a result the lower the initial fractional value the higher the percentage reduction it will receive. This results on more a higher percentage reduction in un-occupied hours vs. occupied hours. Values won't be lowered to a value below 0.1. Values already below this level will keep their original value.</modeler_description>
  <arguments>
    <argument>
      <name>costTotal</name>
      <display_name>Total cost for all Electric Equipment Controls in the Building ($).</display_name>
      <type>Double</type>
      <required>true</required>
      <model_dependent>false</model_dependent>
      <default_value>0</default_value>
    </argument>
  </arguments>
  <outputs/>
  <provenances/>
  <tags>
    <tag>Equipment.Equipment Controls</tag>
  </tags>
  <attributes>
    <attribute>
      <name>Measure Type</name>
      <value>ModelMeasure</value>
      <datatype>string</datatype>
    </attribute>
    <attribute>
      <name>Uses SketchUp API</name>
      <value>false</value>
      <datatype>boolean</datatype>
    </attribute>
  </attributes>
  <files>
    <file>
      <filename>BasicOfficeWithOnePlenumFloor.osm</filename>
      <filetype>osm</filetype>
      <usage_type>test</usage_type>
      <checksum>B8BD0491</checksum>
    </file>
    <file>
      <filename>OsLib_AedgMeasures.rb</filename>
      <filetype>rb</filetype>
      <usage_type>resource</usage_type>
      <checksum>64624291</checksum>
    </file>
    <file>
      <filename>AedgSmallToMediumOfficeElectricEquipmentControls_Test.rb</filename>
      <filetype>rb</filetype>
      <usage_type>test</usage_type>
      <checksum>473B77F5</checksum>
    </file>
    <file>
      <filename>LICENSE.md</filename>
      <filetype>md</filetype>
      <usage_type>license</usage_type>
      <checksum>9640B6CB</checksum>
    </file>
    <file>
      <filename>README.md.erb</filename>
      <filetype>erb</filetype>
      <usage_type>readmeerb</usage_type>
      <checksum>703C9964</checksum>
    </file>
    <file>
      <filename>README.md</filename>
      <filetype>md</filetype>
      <usage_type>readme</usage_type>
      <checksum>CE3A154A</checksum>
    </file>
    <file>
      <filename>os_lib_helper_methods.rb</filename>
      <filetype>rb</filetype>
      <usage_type>resource</usage_type>
      <checksum>9CFC43FB</checksum>
    </file>
    <file>
      <filename>os_lib_lighting_and_equipment.rb</filename>
      <filetype>rb</filetype>
      <usage_type>resource</usage_type>
      <checksum>E63C7739</checksum>
    </file>
    <file>
      <filename>os_lib_schedules.rb</filename>
      <filetype>rb</filetype>
      <usage_type>resource</usage_type>
      <checksum>5F1CEF3A</checksum>
    </file>
    <file>
      <version>
        <software_program>OpenStudio</software_program>
        <identifier>2.0.0</identifier>
        <min_compatible>2.0.0</min_compatible>
      </version>
      <filename>measure.rb</filename>
      <filetype>rb</filetype>
      <usage_type>script</usage_type>
      <checksum>EDF4B283</checksum>
    </file>
  </files>
</measure>
